TP_Overall,TP_Speed,TP_Throttle,TP_Brake,TP_Cruise,TP_RRCP,TP_Malicious,TP_ARP,Attack
40239.94287801631,13071.363023697731,12266.97145300864,12266.97145300864,2329.1717948750584,305.4651534262372,0.0,0.0,0
40032.36422158096,13003.93410158263,12203.6920030237,12049.214889061372,2471.6338233972047,303.8894045160497,0.0,0.0,0
40278.5970267526,13083.919264446771,12123.327723512706,12278.75500201928,2486.8364561051703,305.7585806686685,0.0,0.0,0
41372.54395703699,13090.28943223774,12284.73315948465,12284.73315948465,2519.9452634840304,309.8293356742661,0.0,0.0,0
40113.47360631103,13089.235865513136,12283.744427635404,12283.744427635404,2456.748885527081,0.0,0.0,0.0,0
40298.00332672661,13090.223120112674,12284.67092810574,12284.67092810574,2332.5324547036216,305.9058956988356,0.0,0.0,0
40531.28710687552,13002.633866860218,12358.91372867838,12358.91372867838,2503.071134922204,307.7546477363365,0.0,0.0,0
40253.98102654276,13075.92311306282,12271.250921489724,12115.918631344286,2485.3166423270327,305.57171831889747,0.0,0.0,0
39844.03420846361,13001.316383283807,12201.235375081726,12201.235375081726,2440.247075016345,0.0,0.0,0.0,0
40287.93846710613,13086.95369614056,12126.13937414543,12281.602699454988,2487.413204952909,305.82949241224287,0.0,0.0,0
40304.47624960325,13092.325755422107,12286.644170473057,12286.644170473057,2332.9071209758963,305.955032259134,0.0,0.0,0
40508.74306014792,12995.401627116547,12352.039534728729,12352.039534728729,2501.678893109616,307.583470464297,0.0,0.0,0
40241.78674755077,13071.961978028416,12267.533548611284,12112.248313818736,2484.5637566807663,305.47915041156966,0.0,0.0,0
39851.008841192335,13003.592242356935,12203.371181288818,12203.371181288818,2440.674236257764,0.0,0.0,0.0,0
40279.623346791326,13084.25264965672,12123.636632340153,12279.067871216308,2486.8998220184926,305.76637155965074,0.0,0.0,0
40299.49294223521,13090.707000150416,12285.12503091039,12285.12503091039,2332.6186767551376,305.9172035088705,0.0,0.0,0
40520.79113485905,12999.266708031852,12355.713267456706,12355.713267456706,2502.422940244396,307.6749516693929,0.0,0.0,0
40252.03354505882,13075.290501889996,12270.657240235229,12115.332465042376,2485.196403085615,305.5569348056085,0.0,0.0,0
39837.31098150878,12999.122559227262,12199.176555582508,12199.176555582508,2439.835311116501,0.0,0.0,0.0,0
40295.17849632298,13089.305514841755,12128.31852767616,12283.809790851496,2487.860210805366,305.88445214820075,0.0,0.0,0
40307.2509960159,13093.227091633456,12287.490039840626,12287.490039840626,2333.0677290836634,305.9760956175296,0.0,0.0,0
40508.43156704885,12995.30169861666,12351.944553379424,12351.944553379424,2501.659656380643,307.581105292702,0.0,0.0,0
40252.18728674597,13075.340442651855,12270.704107719435,12115.37873926729,2485.205895234316,305.5581018730716,0.0,0.0,0
39836.663679416924,12998.9113411752,12198.97833556442,12198.97833556442,2439.795667112884,0.0,0.0,0.0,0
40295.22985334098,13089.32219742573,12128.333985462828,12283.825446814915,2487.8633816334004,305.88484200410664,0.0,0.0,0
40294.87035696444,13089.205420231046,12283.715855909137,12283.715855909137,2332.3511118814818,305.8821130336369,0.0,0.0,0
40527.18159916188,13001.316800034849,12357.661865753043,12357.661865753043,2502.817593063908,307.72347455703783,0.0,0.0,0
40065.61951992161,13073.620827283656,12269.090314835434,12269.090314835434,2453.8180629670865,0.0,0.0,0.0,0
40240.8647916617,13071.66249400195,12267.25249437106,12111.970817227124,2484.506834303,305.4721517585656,0.0,0.0,0
40304.37348855424,13092.292374982666,12131.086099351029,12286.612844214502,2488.4279178155957,305.95425219044205,0.0,0.0,0
40296.6679029954,13089.789327042088,12284.263829993344,12284.263829993344,2332.455157593673,305.89575837294075,0.0,0.0,0
40520.946975864055,12999.316702583572,12355.760786932984,12355.760786932984,2502.4325644421237,307.6761349723922,0.0,0.0,0
40066.5764900512,13073.933091633173,12269.383362917286,12269.383362917286,2453.876672583457,0.0,0.0,0.0,0
40250.75241000366,13074.87434371007,12270.26669178945,12114.946860247812,2485.117304666218,305.5472095901088,0.0,0.0,0
40307.81626897716,13093.410712373336,12132.122330958584,12287.662360842667,2488.6404781453507,305.98038665721526,0.0,0.0,0
40289.63270882034,13087.5040460395,12282.11918166784,12282.11918166784,2332.0479458862987,305.84235355885886,0.0,0.0,0
40533.10626860245,13003.217462782488,12359.46843257373,12359.46843257373,2503.1834800149327,307.7684606575737,0.0,0.0,0
40062.09423491482,13072.47050838084,12268.010784788172,12268.010784788172,2453.602156957634,0.0,0.0,0.0,0
40515.50180193535,13074.507933028592,12269.922829457604,12112.61612651584,2516.9072470682263,309.45580906576555,77.36395226644139,154.72790453288275,1
40220.31053026707,13090.656941935817,12129.570736072175,12285.078053201303,2332.6097569369567,305.91603369665006,76.47900842416252,0.0,1
40645.70434135994,13090.695020371928,12285.11378834904,12285.11378834904,2520.023341199803,309.8389353934184,154.9194676967092,0.0,1
40132.05902622902,13010.803908055184,12210.139052174864,12210.139052174864,2472.9395548708585,152.0249726355036,76.0124863177518,0.0,1
40502.72170908984,12993.469948436186,12350.203487478102,12350.203487478102,2501.307035438603,153.76887512942233,153.76887512942233,0.0,1
40168.34193883502,13073.7425274715,12269.204525780946,12113.898139378656,2329.595796034357,305.52076013565335,76.38019003391334,0.0,1
40364.98231371702,13000.283339508658,12200.265903231202,12200.265903231202,2502.618646816657,307.69901395286763,153.84950697643382,0.0,1
40437.93880085972,12998.183587165331,12198.295366416696,12354.683768550243,2502.2144341367584,307.64931567255223,76.91232891813806,0.0,1
39901.56574809765,13070.94254063927,12266.5768458307,12113.244635257815,2299.983158593256,0.0,150.81856777660695,0.0,1
40361.67051472559,12999.216713864742,12199.26491608845,12199.26491608845,2502.413316120708,307.6737683754968,153.8368841877484,0.0,1
40441.56766520637,12999.35003249834,12199.390030498442,12355.792466786885,2502.438980615065,307.67692384611456,76.91923096152864,0.0,1
40372.02981879244,13165.907095103466,12199.2961944503,12199.2961944503,2346.0184989327504,307.674557237082,153.837278618541,0.0,1
40453.44378758904,13003.167438222052,12359.420884574372,12202.972518946848,2503.173850040379,307.76727664430894,76.94181916107723,0.0,1
40287.125179390096,12997.07154590489,12197.251758464588,12197.251758464588,2470.329470068777,0.0,151.8645166025888,0.0,1
40566.49494713809,13000.766711883069,12200.71952961334,12357.139010762228,2346.2922172333347,307.71045471912583,76.92761367978146,0.0,1
40359.80786659893,12998.6168138519,12198.701932999476,12198.701932999476,2502.2978324101487,307.6595695586248,153.8297847793124,0.0,1
40800.43121568244,13075.738701865355,12271.077858673643,12271.077858673643,2517.144176138183,309.4849396891209,77.37123492228022,0.0,1
40512.14766304944,13069.666284460567,12265.379128493763,12265.379128493763,2484.1274184291165,0.0,152.71275113293748,0.0,1
40166.14327884756,13073.026921270344,12268.532956884475,12113.235071354293,2329.4682829527487,305.5040371085572,76.3760092771393,0.0,1
40380.77257534499,13005.368883051651,12205.038490248477,12205.038490248477,2503.597639025328,307.8193818473764,153.9096909236882,0.0,1
40345.58497510119,12994.036070624,12194.403081662524,12350.74158270948,2345.077515704332,307.55114960056807,153.77557480028403,0.0,1
40225.89939063271,13092.475969506178,12131.25621478294,12131.25621478294,2488.4628132888083,305.95854261747644,76.48963565436911,0.0,1
40160.08360990307,12994.456795012744,12349.162445893318,12194.797915319652,2469.832489178664,0.0,151.83396449868837,0.0,1
40443.43419191974,12999.950000192295,12199.95307710354,12356.3627319382,2502.554477354572,307.6911242649064,76.9227810662266,0.0,1
40372.23684396055,13165.97460902689,12199.358751655296,12199.358751655296,2346.03052916448,307.6761349723908,153.8380674861954,0.0,1
40436.90210208813,12997.850355518089,12354.367034169954,12197.98264133236,2502.15028540151,307.6414285329725,76.91035713324312,0.0,1
40366.48315157066,13000.766711883069,12200.71952961334,12200.71952961334,2502.7116983822234,307.71045471912583,153.85522735956292,0.0,1
40173.70634716701,12998.86465612493,12198.934523440315,12353.351416142094,2470.6702832284186,0.0,151.88546823125526,0.0,1
40181.84596577016,13078.137734311324,12273.329258353706,12117.970660146697,2330.378973105134,305.6234718826405,76.40586797066013,0.0,1
16559.388977152787,13034.575218595295,1387.184769496819,1450.2386226557653,315.26926579473155,248.08073374011664,124.04036687005832,0.0,1
13746.348403002676,13053.947211971792,0.0,0.0,0.0,201.6702498148201,126.04390613426256,0.0,1
13833.680083168909,13055.780267983946,0.0,0.0,0.0,306.3938002916702,102.13126676389004,0.0,1
13377.050155879637,13054.711597906631,0.0,0.0,0.0,198.36218952184817,123.9763684511551,0.0,1
13482.445511425398,13053.897851043535,0.0,0.0,0.0,302.504230857784,126.04342952407664,0.0,1
13373.77277972446,13051.51319467086,0.0,0.0,0.0,198.31359080221628,123.9459942513852,0.0,1
13428.29382756782,13053.31820098355,0.0,0.0,0.0,199.98700084494428,99.99350042247214,74.9951253168541,1
13746.9860964913,13053.392764100196,0.0,0.0,0.0,303.7635032369794,50.627250539496565,50.627250539496565,1
13581.077021709763,13052.71370526705,0.0,0.0,0.0,197.51899680101465,0.0,49.379749200253656,1
13720.929059931044,13055.345926748869,0.0,0.0,0.0,302.53778781008,0.0,75.63444695252,1
13295.788442703222,13050.930460332997,0.0,0.0,0.0,195.8863858961801,0.0,48.971596474045015,1
13684.177512937138,13046.887251058512,0.0,0.0,0.0,275.9918456954685,0.0,75.2705033714914,1
13278.23810727727,13008.670677231035,0.0,0.0,0.0,220.5551700378261,0.0,49.0122600084058,1
13324.269428414318,13052.681478360166,0.0,0.0,0.0,197.51850913029253,0.0,74.0694409238597,1
13695.872959580078,13055.494043509634,0.0,0.0,0.0,302.5412201907608,0.0,50.423536698460126,1
13298.520852039765,13052.63140639342,0.0,0.0,0.0,196.7115565170751,0.0,49.17788912926878,1
13430.080116076046,13053.535813756156,0.0,0.0,0.0,301.2354418559113,0.0,75.30886046397782,1
13297.992228563257,13052.112557156846,0.0,0.0,0.0,196.70373712512676,0.0,49.17593428128168,1
13610.980066079914,13053.329864616331,0.0,0.0,0.0,199.16078623699423,0.0,74.68529483887284,1
13403.261946485309,13053.285569890728,0.0,0.0,0.0,299.97975136678343,0.0,49.99662522779724,1
13298.629851797126,13052.738390746948,0.0,0.0,0.0,196.7131688401424,0.0,49.1782922100356,1
13693.111139211926,13052.861357774882,0.0,0.0,0.0,302.4802117025399,0.0,50.41336861708999,1
13323.189385557343,13051.62344996538,0.0,0.0,0.0,197.50249861233863,0.0,74.063436979627,1
13402.68120283334,13052.719990201074,0.0,0.0,0.0,299.9667536847997,0.0,49.99445894746661,1
13611.109958549205,13053.454435311483,0.0,0.0,0.0,199.1626868706139,0.0,74.68600757648021,1
13300.030657697744,13054.113295768047,0.0,0.0,0.0,196.73388954375707,0.0,49.18347238593927,1
13431.501851120373,13054.917687070269,0.0,0.0,0.0,301.26733124008314,0.0,75.31683281002078,1
13300.60850796271,13054.680461590518,0.0,0.0,0.0,196.74243709775348,0.0,49.18560927443837,1
13692.875285355727,13052.636531754386,0.0,0.0,0.0,302.4750017014212,0.0,50.4125002835702,1
13324.368121264042,13052.778159558227,0.0,0.0,0.0,197.5199721496832,0.0,74.06998955613118,1
13457.412101419246,13054.067873590258,0.0,0.0,0.0,302.5081708717408,0.0,100.83605695724692,1
879.5522839761643,406.1586989091409,0.0,0.0,0.0,239.9460621247848,0.0,204.95392806492035,1
40337.14705945641,13163.873773639596,12199.366868301771,12199.366868301771,2470.757846744663,303.78170246860606,0.0,0.0,0
40322.37651430394,12997.82821098247,12352.366440037868,12197.961859537394,2470.473288007573,303.7467157386361,0.0,0.0,0
39908.6141931252,13081.736628489864,12125.142402095067,12276.706682121256,2425.0284804190137,0.0,0.0,0.0,0
40333.5557206933,13001.43180324922,12355.791080789912,12201.343692280036,2471.158216157982,303.83092821614537,0.0,0.0,0
40315.69237076769,12995.67359220917,12195.939832688606,12350.318817912512,2470.0637635825024,303.6963643748978,0.0,0.0,0
40065.57739792504,13075.248052542378,12270.617403155156,12117.234685615716,2300.740763091592,301.73649352020874,0.0,0.0,0
41172.93141074011,13091.207603352968,12130.08096918275,12285.594827762015,2488.2217372682567,305.9289021231463,0.0,0.0,0
40123.98506282336,12993.194814216058,12346.033764815682,12346.033764815682,2438.722718975937,0.0,0.0,0.0,0
40329.336846394704,13161.324940457664,12197.00478616644,12197.00478616644,2470.279450362824,303.72288324133075,0.0,0.0,0
40329.31812312972,13000.065823118086,12354.492934141434,12200.061772464664,2470.8985868282866,303.79900657724835,0.0,0.0,0
40314.21297444489,12995.19671210135,12195.49229904896,12349.865619290083,2469.973123858017,303.6852201464775,0.0,0.0,0
40340.10858461505,13164.840256056124,12200.262537295088,12200.262537295088,2470.9392480597644,303.80400590898745,0.0,0.0,0
40144.34765435063,12999.788753432758,12352.299275136782,12352.299275136782,2439.9603506443023,0.0,0.0,0.0,0
40329.69411038149,13161.441532194283,12197.112835316204,12197.112835316204,2470.3013337349275,303.72557381986815,0.0,0.0,0
40326.30639639009,12999.0949997152,12353.570321053588,12199.150692040415,2470.7140642107174,303.7763193701702,0.0,0.0,0
40326.30639639018,12999.09499971523,12199.150692040446,12353.570321053616,2470.714064210724,303.7763193701709,0.0,0.0,0
41125.64585089349,13076.172844850656,12271.485285167537,12271.485285167537,2330.028851614089,305.5775543100445,0.0,0.0,0
39892.30914428489,13076.391958950317,12271.690915322602,12120.18855834331,2424.0377116686623,0.0,0.0,0.0,0
40330.18599228584,13000.345578806517,12200.32431241842,12354.758797385744,2470.9517594771487,303.80554419801007,0.0,0.0,0
40334.79857281532,13163.10735400023,12198.656603639827,12198.656603639827,2470.6139956738893,303.7640158615438,0.0,0.0,0
40326.765783258175,12999.243082048382,12353.71104973634,12199.289661614635,2470.7422099472683,303.7797799115494,0.0,0.0,0
40326.51056703943,12999.16081366902,12199.212455904772,12353.63286673901,2470.726573347802,303.7778573788281,0.0,0.0,0
39891.31838547198,13076.067195835512,12271.38613763025,12119.887543338518,2423.977508667704,0.0,0.0,0.0,0
40339.071036521615,13003.209653015598,12203.012135906944,12357.4806439564,2471.49612879128,303.8724748513869,0.0,0.0,0
40332.55245016339,13162.374340457489,12197.977297435507,12197.977297435507,2470.4764146704824,303.7471001644036,0.0,0.0,0
41469.45556917301,12999.266708031852,12355.713267456706,12199.31183369143,2346.021506479121,307.6749516693929,0.0,0.0,0
41469.03026977682,12999.133391107238,12199.186720885256,12199.186720885256,2502.3972760790266,0.0,153.8358981196123,153.8358981196123,1
41294.08483023954,12999.794740083056,12199.80737146256,12360.331152666016,2407.856718051821,315.7844876133536,78.9461219033384,0.0,1
41153.25268525693,13078.419562493553,12273.593743263178,12273.593743263178,2550.357141457284,313.56850099884633,156.78425049942317,0.0,1
42218.58117667196,13173.56600930444,12202.328075751324,12202.328075751324,2408.354225477235,315.8497344888177,78.96243362220443,0.0,1
40674.57646674224,12999.250043266717,12355.697427712485,12355.697427712485,2502.4197321949337,307.674557237082,153.837278618541,0.0,1
40089.87389834935,13032.467133746974,12230.469156285622,12230.469156285622,2446.0938312571243,0.0,150.37462077400355,0.0,1
40494.52270764936,13078.770621031475,12273.923198198769,12273.923198198769,2485.857862926333,305.63826183520484,76.40956545880121,0.0,1
40399.71994144245,13073.642670740292,12269.110814079351,12269.110814079351,2329.578002673295,305.51842658010423,152.75921329005212,0.0,1
41643.07374020217,13078.757595417515,12273.910974161055,12116.55314115899,2517.725328033037,309.55639279094714,77.38909819773679,0.0,1
40052.38294744381,13045.561623971676,12089.723358830675,12242.757831727266,2448.551566345453,75.26285552291351,150.52571104582702,0.0,1
40218.3353194239,12964.290763668658,12320.49443557995,12166.488255135202,2464.0988871159902,227.22223344307287,75.7407444810243,0.0,1
40170.57558500856,12999.489893434518,12199.52128460778,12199.52128460778,2316.3648008748946,303.7855476557239,151.89277382786196,0.0,1
40247.5761334582,12999.01273321013,12199.073488089503,12199.073488089503,2470.698427967495,303.77439688124934,75.94359922031234,0.0,1
40452.19373103178,13090.62357000556,12129.539814232998,12285.046734928294,2488.110731124718,305.91525382680953,152.95762691340477,0.0,1
40241.357579782656,13081.711641339698,12276.68323264187,12276.68323264187,2455.336646528374,0.0,150.94282663084266,0.0,1
40518.6716175613,13086.57014630966,12281.242752690605,12281.242752690605,2487.3403043424005,305.8205292224264,76.45513230560658,0.0,1
40670.561783926176,12997.96698465114,12354.477889355789,12354.477889355789,2502.1727370847166,307.64418898582585,153.82209449291292,0.0,1
40248.58302361692,13160.575471471297,12196.310230196186,12196.310230196186,2315.755106999276,303.70558780318373,75.92639695079593,0.0,1
40676.3494360976,12999.81666925207,12356.236001799947,12356.236001799947,2502.5288104911283,307.6879685030076,153.8439842515038,0.0,1
40077.85068119343,13162.615172882752,12200.10675093406,12200.10675093406,2440.0213501868125,0.0,75.00065625574219,0.0,1
40693.98324682294,13005.452285766032,12361.592616391818,12361.592616391818,2503.613694459102,307.8213558761191,153.91067793805956,0.0,1
40407.33280536603,13076.106248774551,12271.4227873115,12116.088321649331,2485.3514505947346,305.5759980239428,152.78799901197138,0.0,1
40238.5104234423,12996.08472384277,12196.325663913984,12350.709533077454,2315.7580374520226,303.7059721248554,75.92649303121385,0.0,1
40157.46138437993,12995.246042903387,12195.538594109332,12041.164687854784,2469.982500072776,303.68637295976754,151.84318647988377,0.0,1
40077.11850844209,13003.120748979776,12202.928702888712,12355.46531167482,2440.5857405777424,0.0,75.01800432103717,0.0,1
40412.06657243623,13077.638130165114,12272.86039907803,12117.50773579856,2485.6426124715,305.61179661534834,152.80589830767417,0.0,1
40248.54406290296,12999.325351469064,12199.366868301737,12199.366868301737,2470.757846744656,303.7817024686052,75.9454256171513,0.0,1
40451.88435981986,13090.523455235376,12129.447049661134,12284.952781067046,2488.091702494592,305.9129142411383,152.95645712056915,0.0,1
17107.004194515983,13035.575395709518,1682.8996807159378,1682.8996807159378,323.6345539838342,254.66325559383677,127.33162779691835,0.0,1
13372.819283744744,13053.15029688232,0.0,0.0,0.0,196.71937653072257,122.9496103317016,0.0,1
13393.549459260115,13048.015628001562,0.0,0.0,0.0,246.80987947039523,98.72395178815808,0.0,1
13377.34530720338,13006.781725286388,0.0,0.0,0.0,247.04238794466076,123.52119397233037,0.0,1
13372.189043329076,13052.535121974595,0.0,0.0,0.0,196.71010544891072,122.9438159055692,0.0,1
13479.610370508037,13054.596380464196,0.0,0.0,0.0,300.0098753250629,125.0041147187762,0.0,1
13452.684063590275,13054.331913650529,0.0,0.0,0.0,199.17607496987452,124.4850468561716,74.69102811370296,1
13425.658669260623,13053.75676706504,0.0,0.0,0.0,297.52152175646813,24.793460146372343,49.586920292744686,1
13320.336825264189,13052.060282552124,0.0,0.0,0.0,195.1102128815017,0.0,73.16632983056314,1
13397.087450146651,13051.462343938938,0.0,0.0,0.0,296.250091035184,0.0,49.37501517253066,1
13293.662841297812,13050.782277814904,0.0,0.0,0.0,194.30445078632613,0.0,48.57611269658153,1
13499.342489981598,13051.850473739114,0.0,0.0,0.0,196.6997873593336,0.0,73.76242025975009,1
13741.97509245921,13055.045116700072,0.0,0.0,0.0,303.8019548811911,0.0,50.63365914686518,1
13471.43836918173,13051.66957254649,0.0,0.0,0.0,198.31596691428663,0.0,74.36848759285749,1
13553.110488223256,13052.754884324164,0.0,0.0,0.0,301.2174204074807,0.0,50.20290340124679,1
13294.486229235974,13051.590622124477,0.0,0.0,0.0,194.31648568919812,0.0,48.57912142229954,1
13713.440997080585,13053.475920232568,0.0,0.0,0.0,299.98412584000795,0.0,74.99603146000199,1
13759.955886498296,13052.98764040092,0.0,0.0,0.0,197.5231420993834,0.0,49.38078552484585,1
14278.16983072762,13000.658331209132,0.0,0.0,0.0,204.2656628144152,0.0,76.59962355540569,1
13396.525214556294,13050.91461319796,0.0,0.0,0.0,296.23765830714166,0.0,49.37294305119027,1
13576.68291237477,13052.619033722496,0.0,0.0,0.0,195.91173033729825,0.0,48.97793258432456,1
13425.875037294074,13053.967141524156,0.0,0.0,0.0,297.5263166159352,0.0,74.3815791539838,1
13321.7856090431,13052.411267683774,0.0,0.0,0.0,195.90861189769265,0.0,73.46572946163475,1
13688.476539307818,13053.508552277164,0.0,0.0,0.0,299.9848757625138,0.0,49.9974792937523,1
13296.029117124974,13052.13986398297,0.0,0.0,0.0,195.111402513604,0.0,48.777850628401005,1
13297.407432401102,13053.49289680218,0.0,0.0,0.0,195.13162847913568,0.0,48.78290711978392,1
13426.884473193966,13053.454435311562,0.0,0.0,0.0,298.7440303059226,0.0,74.68600757648065,1
13577.3491756229,13051.20333324046,0.0,0.0,0.0,196.690034535492,0.0,49.172508633873,1
13426.461081933754,13053.042819457229,0.0,0.0,0.0,298.7346099812208,0.0,74.68365249530518,1
13448.0101316662,13052.990845551994,0.0,0.0,0.0,198.3360432372573,0.0,49.58401080931432,1
13773.13066584761,13054.18033333308,0.0,0.0,0.0,303.7818306399424,0.0,126.57576276664268,1
516.5881396230199,11.63083792015805,0.0,0.0,0.0,236.1954777632096,0.0,207.56572288282055,1
40329.06287460396,12999.983544324628,12354.414741247165,12354.414741247165,2316.4527639838434,303.7970838011598,0.0,0.0,0
40026.21565114245,13120.285481463392,12160.87239307528,12160.87239307528,2584.185383528497,0.0,0.0,0.0,0
40322.01929027678,12997.713060613389,12352.257007944174,12352.257007944174,2316.0481889895323,303.74402478551247,0.0,0.0,0
40201.53751832332,13119.618118192622,12158.353790686586,12158.353790686586,2462.4514006453846,302.7604181121375,0.0,0.0,0
40767.20831219028,13126.798224367272,12318.995256713904,12318.995256713904,2494.986381106613,306.76062062786224,0.0,0.0,0
40326.45952418321,12999.144360118064,12353.617230258258,12199.19701488003,2470.7234460516515,303.7774728752031,0.0,0.0,0
40038.487999920224,13124.3082629548,12164.60101105782,12316.658523696042,2432.920202211564,0.0,0.0,0.0,0
43029.28216393563,13118.368043965944,12311.083856644962,12311.083856644962,2525.3505346964025,310.4939182003774,0.0,0.0,0
40330.69652100271,13000.510146600687,12354.915192874654,12200.47875296372,2470.983038574931,303.809389988721,0.0,0.0,0
40883.177901313335,12999.078546330897,12199.13525117207,12199.13525117207,2316.2915033871022,303.77593487043964,0.0,0.0,0
39956.50209793534,13014.332033151506,12060.781936107136,12213.450061880643,2442.690012376129,225.2480544199299,0.0,0.0,0
40050.12825686856,12994.363694747395,12347.144426105173,12194.710544301404,2438.9421088602808,74.96748285431191,0.0,0.0,0
40326.61265313925,12999.193720895795,12199.24333807144,12353.66413981918,2470.732827963836,303.7786263889962,0.0,0.0,0
40349.6599121799,13167.957295301589,12203.15119347276,12203.15119347276,2471.524292348913,303.8759375838828,0.0,0.0,0
40313.498821975234,12994.966506644245,12349.646845652174,12195.276260081522,2469.9293691304347,303.6798404668567,0.0,0.0,0
40021.0794628474,13118.601878464173,12159.311902546093,12311.303301327916,2431.862380509218,0.0,0.0,0.0,0
40323.70340182205,12998.255930216965,12352.772919076684,12198.363257588226,2470.554583815337,303.7567111248365,0.0,0.0,0
40335.44505719887,13002.040826661409,12201.915237328398,12356.36986058572,2471.273972117144,303.8451605062062,0.0,0.0,0
40349.81317889626,13168.007313308684,12203.197546698952,12203.197546698952,2471.533680344092,303.877091845585,0.0,0.0,0
40311.81556268895,12994.423911764454,12349.131195600885,12194.767055655871,2469.8262391201765,303.6671605475628,0.0,0.0,0
40707.110365333625,13003.86865092363,12203.63058009756,12203.63058009756,2440.726116019512,0.0,0.0,0.0,0
40313.14175522856,12994.85140697418,12195.168243468075,12349.537461739825,2469.9074923479648,303.6771506985203,0.0,0.0,0
39973.15722465769,13045.08708222794,12242.312492552375,12089.28358639547,2295.4335923535705,301.0404711283371,0.0,0.0,0
40163.14299562017,12996.265630002492,12196.495437386957,12196.495437386957,2470.176291116345,303.7101997274195,0.0,0.0,0
40173.66648945586,12999.670894407704,12199.69114705954,12199.69114705954,2470.823523455096,303.7897774739873,0.0,0.0,0
40001.50033757593,13002.925658273103,12202.74561776399,12355.27993798604,2440.549123552798,0.0,0.0,0.0,0
40295.26329421209,13039.018023554045,12236.616914412254,12236.616914412254,2478.3021598809632,304.70928195257744,0.0,0.0,0
40310.05388983508,13043.80406605981,12241.10843122536,12241.10843122536,2479.211834172225,304.8211271523228,0.0,0.0,0
40303.39933737752,13041.650740275603,12239.087617797106,12239.087617797106,2478.802555503212,304.7708060044932,0.0,0.0,0
40181.65662947977,13163.523875341449,12199.042606782776,12199.042606782776,2316.273912680274,303.7736278924949,0.0,0.0,0
40003.15083891094,13003.462171803269,12355.789729015374,12203.249115076913,2440.6498230153825,0.0,0.0,0.0,0
41227.15173821714,12994.818732530986,12195.137579759848,12351.485497449075,2501.566683027661,307.5696741427452,0.0,0.0,0
40320.70574574504,13047.250866746535,12244.343121100595,12244.343121100595,2479.866961235564,304.90167556174964,0.0,0.0,0
40305.75377398157,13042.412605040983,12239.802598576922,12239.802598576922,2478.947361737098,304.78861004964324,0.0,0.0,0
40305.702587652064,13042.39604181696,12239.787054628225,12239.787054628225,2478.9442135955896,304.7882229830643,0.0,0.0,0
40000.199988500746,13161.743199766042,12199.298540333955,12199.298540333955,2439.8597080667914,0.0,0.0,0.0,0
40172.19185139151,12999.193720895795,12353.66413981918,12199.24333807144,2316.312026216096,303.7786263889962,0.0,0.0,0
40185.4674925424,13003.489544029571,12203.27480285852,12203.27480285852,2471.5493271612195,303.8790156345761,0.0,0.0,0
40158.924978805706,12994.900735154532,12195.2145360681,12195.2145360681,2469.916868064425,303.6783034505441,0.0,0.0,0
40176.05665003742,13000.444318983056,12200.416976276409,12200.416976276409,2470.9705268407915,303.80785166075304,0.0,0.0,0
39982.90410301514,12996.880748620288,12197.072702551346,12349.536111333238,2439.414540510269,0.0,0.0,0.0,0
43606.14989825094,13168.335218543822,12199.540536785076,12199.540536785076,2376.5338708022878,311.6765732199721,0.0,0.0,0
40544.096719221634,13119.53725207657,12312.181113487244,12312.181113487244,2493.6063014657707,306.5909387048079,0.0,0.0,0
40554.04352103866,13122.755906517965,12315.201696886088,12315.201696886088,2494.218065192119,306.6661555564081,0.0,0.0,0
40002.60065666603,13003.283329040654,12355.619793998054,12203.081278022768,2440.6162556045538,0.0,0.0,0.0,0
40587.56351986265,13119.135031284091,12155.958028987285,12311.803644743532,2493.529852099956,306.5815391926175,0.0,0.0,0
40551.09005490183,13121.800203662546,12314.30480651408,12314.30480651408,2494.036416509181,306.64382170194847,0.0,0.0,0
40171.988461533576,12999.127906608792,12353.60159381712,12199.181573894404,2316.3002988407097,303.7770883725521,0.0,0.0,0
40172.95458170162,12999.440530407575,12199.474959305571,12199.474959305571,2470.779738593533,303.78439408936885,0.0,0.0,0
40600.02717607263,12998.36687185452,12198.46737204809,12198.46737204809,2502.249717343198,0.0,0.0,0.0,0
40532.91761110168,12999.866668034254,12199.8748730783,12356.283525297253,2346.129783284289,307.6891519061362,0.0,0.0,0
40146.72013147586,13003.242580744833,12203.04303731438,12048.57413810787,2471.5023873041787,303.8732443406777,0.0,0.0,0
40161.51666732052,12995.73937152252,12196.001564044209,12196.001564044209,2470.076266135536,303.69790157404134,0.0,0.0,0
40184.500770441584,13003.176725453244,12202.98123465612,12202.98123465612,2471.4898703101003,303.871705365996,0.0,0.0,0
39975.56035629897,12994.49358334404,12194.832439753638,12347.26784525056,2438.966487950728,0.0,0.0,0.0,0
40567.30437824411,13040.593025469036,12238.09499313248,12238.09499313248,2510.37846012974,308.65308936021387,77.16327234005347,154.3265446801069,1
40227.11888944893,13042.445731615118,12239.833686592649,12239.833686592649,2324.0190544163256,304.7893841857476,76.1973460464369,0.0,1
40528.43105205463,13165.907095103466,12199.2961944503,12199.2961944503,2502.4197321949337,307.674557237082,153.837278618541,0.0,1
40343.39111386874,13003.785912354277,12358.02828671643,12358.02828671643,2471.605657343286,0.0,151.94297073831677,0.0,1
40213.58547862485,13038.057926047391,12235.715899829092,12080.83342008442,2478.119675914753,304.68684539935487,76.17171134983872,0.0,1
40405.873639301935,13126.093574860217,12162.40569214896,12318.333970253434,2338.924171567108,306.74415364814524,153.37207682407262,0.0,1
40592.24584021762,12997.51714095638,12354.05031602935,12354.05031602935,2502.0861399553114,307.6335417977842,76.90838544944604,0.0,1
40528.2232270025,13165.839581872451,12199.23363788688,12199.23363788688,2502.40690007936,307.67297951795405,153.83648975897702,0.0,1
40292.89700781215,13123.078068434372,12315.504033453795,12315.504033453795,2463.10080669076,0.0,75.71006577942907,0.0,1
40523.88981133034,13001.083423618604,12357.440043080484,12357.440043080484,2346.3493752684462,307.7179508548782,153.8589754274391,0.0,1
40405.51214312555,13125.976140630712,12162.296879673017,12162.296879673017,2494.830129163696,306.7414093234052,153.3707046617026,0.0,1
40583.45443780607,12994.70215988864,12351.37469595727,12351.37469595727,2501.544242219194,307.5669150269501,76.89172875673752,0.0,1
40541.94425386464,13170.296940823366,12203.363747699625,12203.363747699625,2503.254102092231,307.77714369986444,153.88857184993222,0.0,1
40263.074277125736,13113.365040777517,12306.388730575824,12306.388730575824,2461.2777461151645,0.0,75.65402908140875,0.0,1
40515.058870280336,12998.250235545232,12354.747117375242,12354.747117375242,2345.838060261122,307.6508931489996,153.8254465744998,0.0,1
40226.71020030824,13042.313226327997,12239.709335477042,12084.776305914042,2478.9284730080085,304.7862876649191,76.19657191622977,0.0,1
40524.35743903892,13001.23345035293,12201.157545715823,12357.58264245577,2502.8015478391435,307.72150178350125,153.86075089175063,0.0,1
40235.24330915698,13045.079832840076,12242.305689280687,12242.305689280687,2324.4884220153203,304.8509405921732,76.2127351480433,0.0,1
39832.47115051735,12998.358957181688,12198.459944432048,12045.979195126643,2439.691988886409,0.0,149.98106489055797,0.0,1
40518.642729310166,12999.400027691105,12199.43694906396,12355.839986872472,2502.4486049361967,307.6781071642865,153.83905358214324,0.0,1
40233.40353052049,13044.48333938772,12241.745903117706,12086.78709421748,2479.340942403586,304.837001115195,76.20925027879875,0.0,1
40505.40119006892,12995.151808748304,12195.450158979176,12351.802084094294,2501.630801841882,307.5775576035101,153.78877880175506,0.0,1
40034.35241313163,13038.872137560094,12236.480006017937,12236.480006017937,2447.296001203587,0.0,75.22426233207747,0.0,1
40144.20116036464,13041.08768004507,12238.559207426912,12083.640736446823,2323.777064701312,304.7576478296803,152.37882391484015,0.0,1
40491.94724644263,13128.308442384325,12164.45794914598,12320.412538237597,2495.273425465842,306.79591296711175,76.69897824177794,0.0,1
40506.6470836264,12995.551522747948,12352.182009491593,12195.82527519423,2501.7077487577903,307.5870182898923,153.79350914494614,0.0,1
40404.16949967036,13125.539974745829,12161.892736093603,12317.814437838391,2338.825526171847,306.7312165471274,153.3656082735637,0.0,1
40280.19027508189,13118.939586021912,12311.620226882102,12311.620226882102,2462.32404537642,0.0,75.68618991935718,0.0,1
31706.358625944613,13095.454191841862,8274.17273233207,8274.17273233207,1703.5061507742498,239.3685457762412,119.6842728881206,0.0,1
13481.656662122545,13054.863062018108,0.0,0.0,0.0,301.2660706619563,125.5275294424818,0.0,1
13372.95568655108,13052.004750073853,0.0,0.0,0.0,197.5082686013698,123.44266787585612,0.0,1
13466.758172633676,13040.436219310075,0.0,0.0,0.0,300.9331435225402,125.38880980105844,0.0,1
13348.80379225702,13053.71202896488,0.0,0.0,0.0,196.7278421947611,98.36392109738055,0.0,1
13427.93736129781,13002.844372206446,0.0,0.0,0.0,300.06563935861027,125.02734973275427,0.0,1
13400.65478500072,13053.551793344826,0.0,0.0,0.0,198.34456666051017,123.96535416281884,24.79307083256377,1
13426.862188777694,13053.43277067201,0.0,0.0,0.0,199.1623563230313,99.58117816151564,74.68588362113674,1
13399.984794343489,13052.899156747171,0.0,0.0,0.0,297.5019750825566,0.0,49.58366251375944,1
13323.106977936484,13053.705917720858,0.0,0.0,0.0,195.9280437931836,0.0,73.47301642244385,1
13400.045699816656,13052.95848465027,0.0,0.0,0.0,297.50332728547625,0.0,49.58388788091271,1
13320.274240940244,13050.930460332997,0.0,0.0,0.0,195.8863858961801,0.0,73.45739471106752,1
13399.021454134676,13051.960768921195,0.0,0.0,0.0,297.4805873258392,0.0,49.58009788763987,1
13296.818235218328,13052.914507271797,0.0,0.0,0.0,195.122982357224,0.0,48.780745589306,1
13592.209744265025,13051.79359904347,0.0,0.0,0.0,198.31785145745064,0.0,74.369194296544,1
14077.530212850694,13054.753170651014,0.0,0.0,0.0,303.7951610494095,0.0,50.63252684156826,1
13607.217125734687,13054.104985128972,0.0,0.0,0.0,197.54005021632744,0.0,74.07751883112279,1
13401.059026644298,13053.945564344538,0.0,0.0,0.0,297.5258248283655,0.0,49.58763747139425,1
13576.192044893956,13050.09104333532,0.0,0.0,0.0,196.67327161070497,0.0,49.16831790267624,1
13426.901186554653,13053.47068383836,0.0,0.0,0.0,298.74440217303305,0.0,74.68610054325826,1
14614.498742014246,13054.409899149336,0.0,0.0,0.0,203.37931683192733,0.0,50.84482920798184,1
13503.486981073178,13053.288445164906,0.0,0.0,0.0,197.52769399997337,0.0,74.07288524999001,1
13689.862568013868,13054.83028720626,0.0,0.0,0.0,300.01525077524764,0.0,50.0025417958746,1
13320.801549849111,13051.447106745543,0.0,0.0,0.0,195.89414043895755,0.0,73.46030266460907,1
13398.539835970165,13051.491625602755,0.0,0.0,0.0,297.46989460063264,0.0,49.57831576677211,1
13607.306725336495,13054.190942646796,0.0,0.0,0.0,197.54135096060725,0.0,74.07800661022772,1
13399.065742600797,13052.003910230009,0.0,0.0,0.0,297.48157060353293,0.0,49.580261767255486,1
13297.704753553406,13053.784764188316,0.0,0.0,0.0,195.1359914920708,0.0,48.78399787301769,1
13305.41804449488,13036.374664918696,0.0,0.0,0.0,195.66791241904235,0.0,73.37546715714087,1
13690.284706584434,13055.232844015654,0.0,0.0,0.0,300.0245020009981,0.0,50.00408366683302,1
13321.671428973754,13052.299396402594,0.0,0.0,0.0,195.9069327790258,0.0,73.46509979213467,1
2157.394397075964,1650.743211417748,0.0,0.0,0.0,247.61148171266217,0.0,204.7556483393168,1
