TimeWindow,Average_Timestamp,TP_Overall,TP_Speed,TP_Throttle,TP_Brake,TP_Cruise,TP_RRCP,TP_DHCP,TP_MDNS,TP_SSDP,TP_Malicious,TP_ARP,TP_NBNS,TP_LLMNR,TP_Malformed,VehicleSpeed,ThrottleDemand,BrakePressed,CruiseDemand,Behaviour
0.544469,0.2722345,40575.31282772757,13132.060778483257,12323.933961345825,12323.933961345825,2464.7867922691653,330.59733428349455,0.0,0.0,0.0,0.0,0.0,0.0,0.0,0.0,30.527272727272727,0.0,0.0,10000.0,Cruising
0.554639,0.8271375000000001,40181.090763541695,13125.654705132527,12317.922107893603,12317.922107893603,2419.5918426219578,0.0,0.0,0.0,0.0,0.0,0.0,0.0,0.0,0.0,30.464285714285715,0.0,0.0,10000.0,Cruising
0.544843,1.3823205,40547.46046108696,13123.046455584454,12315.474366010025,12315.474366010025,2463.094873202005,330.37040028044777,0.0,0.0,0.0,0.0,0.0,0.0,0.0,0.0,30.454545454545453,0.0,0.0,10000.0,Cruising
0.5545809999999998,1.9374615,40185.29304105263,13127.027431520379,12319.210358811431,12319.210358811431,2419.8448919093885,0.0,0.0,0.0,0.0,0.0,0.0,0.0,0.0,0.0,30.446428571428573,0.0,0.0,10000.0,Cruising
0.5446400000000002,2.49249,40562.57344300821,13127.937720329019,12320.064629847233,12320.064629847233,2464.0129259694468,330.493537015276,0.0,0.0,0.0,0.0,0.0,0.0,0.0,0.0,30.454545454545453,0.0,0.0,9979.545454545454,Cruising
0.54453,3.042554,40570.76745082916,13130.589682845757,12322.553394670635,12322.553394670635,2464.5106789341266,330.5602997080051,0.0,0.0,0.0,0.0,0.0,0.0,0.0,0.0,30.272727272727273,0.0,0.0,9895.454545454546,Cruising
0.5546139999999999,3.597548,40182.901982279574,13126.246362334887,12318.47735542197,12318.47735542197,2419.7009091007444,0.0,0.0,0.0,0.0,0.0,0.0,0.0,0.0,0.0,30.035714285714285,0.0,0.0,9850.0,Cruising
0.544759,4.152521500000001,40553.71274269906,13125.06998507597,12317.373370609756,12317.373370609756,2463.474674121951,330.4213422816328,0.0,0.0,0.0,0.0,0.0,0.0,0.0,0.0,30.09090909090909,0.0,0.0,9827.272727272728,Cruising
0.554729,4.7076185,40174.57172781664,13123.52518076394,12315.923631178466,12315.923631178466,2419.19928469577,0.0,0.0,0.0,0.0,0.0,0.0,0.0,0.0,0.0,30.053571428571427,0.0,0.0,9802.272727272728,Cruising
0.5497139999999998,5.259841,40188.170575972246,13006.76351702886,12206.347300596315,12206.347300596315,2441.269460119263,327.44299763149576,0.0,0.0,0.0,0.0,0.0,0.0,0.0,0.0,30.0,0.0,0.0,9800.0,Cruising
0.5598279999999995,5.814858,39808.65551562269,13003.994083897207,12203.748294118917,11985.824217438223,2615.0889201683394,0.0,0.0,0.0,0.0,0.0,0.0,0.0,0.0,0.0,30.089285714285715,0.0,0.0,9720.833333333334,Cruising
0.5500400000000001,6.369793,40164.35168351392,12999.054614209874,12199.112791796959,12199.112791796959,2439.8225583593917,327.2489273507381,0.0,0.0,0.0,0.0,0.0,0.0,0.0,0.0,29.90909090909091,0.0,0.0,9452.272727272728,Cruising
0.5601079999999996,6.924867,39788.75502581648,12997.493340570041,12197.647596534962,12197.647596534962,2395.9664921765107,0.0,0.0,0.0,0.0,0.0,0.0,0.0,0.0,0.0,30.0,0.0,0.0,9200.0,Cruising
0.5501589999999998,7.4800015,40155.66408983586,12996.242904324026,12196.474110211779,12196.474110211779,2439.294822042356,327.17814304591957,0.0,0.0,0.0,0.0,0.0,0.0,0.0,0.0,29.818181818181817,0.0,0.0,8947.727272727272,Cruising
0.540044,8.025103999999999,41707.71270489071,12998.940827043723,12199.006006917956,12424.913525564585,2484.982705112917,333.30617505240315,1266.563465199132,0.0,0.0,0.0,0.0,0.0,0.0,0.0,29.814814814814813,0.0,0.0,8720.454545454546,Cruising
0.5546349999999993,8.577837500000001,40181.380547567365,13125.749366700638,12318.010944134447,12318.010944134447,2419.6092925978373,0.0,0.0,0.0,0.0,0.0,0.0,0.0,0.0,0.0,29.642857142857142,0.0,0.0,8520.454545454546,Cruising
0.544649999999999,9.132953,40561.82869732864,13127.696685945128,12319.838428348505,12319.838428348505,2463.9676856697006,330.4874690168004,0.0,0.0,0.0,0.0,0.0,0.0,0.0,0.0,29.636363636363637,0.0,0.0,8343.181818181818,Cruising
0.5547489999999993,9.687848500000001,40173.12334046574,13123.052046961797,12315.479613302608,12315.479613302608,2419.112066898727,0.0,0.0,0.0,0.0,0.0,0.0,0.0,0.0,0.0,29.535714285714285,0.0,0.0,8186.363636363636,Cruising
0.5446390000000001,10.2429475,40562.64791908034,13127.96182425423,12320.087250453967,12320.087250453967,2464.017450090794,330.49414382737916,0.0,0.0,0.0,0.0,0.0,0.0,0.0,0.0,29.472727272727273,0.0,0.0,8027.272727272727,Cruising
0.5544589999999996,10.7978955,40194.13518402626,13129.915827861041,12321.921007684978,12321.921007684978,2420.3773407952635,0.0,0.0,0.0,0.0,0.0,0.0,0.0,0.0,0.0,29.339285714285715,0.0,0.0,7697.727272727273,Cruising
0.5448900000000005,11.352865000000001,40543.963001706725,13121.914514856197,12314.412083172738,12314.412083172738,2462.8824166345476,330.34190387050563,0.0,0.0,0.0,0.0,0.0,0.0,0.0,0.0,29.181818181818183,0.0,0.0,7350.0,Cruising
0.5548760000000001,11.908004,40163.92851736243,13120.048443255788,12312.660846747738,12312.660846747738,2418.558380611163,0.0,0.0,0.0,0.0,0.0,0.0,0.0,0.0,0.0,29.0,0.0,0.0,7050.0,Cruising
0.5499399999999994,12.460414,40171.655089646185,13001.41833654582,12201.331054296845,12201.331054296845,2440.266210859369,327.3084336473073,0.0,0.0,0.0,0.0,0.0,0.0,0.0,0.0,28.818181818181817,0.0,0.0,6790.909090909091,Cruising
0.5500119999999988,13.010391,40166.39636953384,12999.716369824686,12199.73382398932,12199.73382398932,2439.946764797864,327.26558693264946,0.0,0.0,0.0,0.0,0.0,0.0,0.0,0.0,28.763636363636362,0.0,0.0,6572.727272727273,Cruising
0.5600480000000001,13.565422000000002,39793.01774133645,12998.885809787731,12198.954375339254,11981.115904351054,2614.0616518584116,0.0,0.0,0.0,0.0,0.0,0.0,0.0,0.0,0.0,28.607142857142858,0.0,0.0,6360.416666666667,Cruising
0.5498709999999996,14.1203825,40176.69598869557,13003.049806227289,12202.86212584407,12202.86212584407,2440.5724251688143,327.3495056113164,0.0,0.0,0.0,0.0,0.0,0.0,0.0,0.0,28.454545454545453,0.0,0.0,5997.727272727273,Cruising
0.5601899999999986,14.675414,39782.93079133875,12995.590781699098,12195.862118209923,12195.862118209923,2395.615773219806,0.0,0.0,0.0,0.0,0.0,0.0,0.0,0.0,0.0,28.107142857142858,0.0,0.0,5638.636363636364,Cruising
0.550027,15.2305245,40165.3009761339,12999.361849509205,12199.40112030864,12199.40112030864,2439.880224061728,327.2566619456863,0.0,0.0,0.0,0.0,0.0,0.0,0.0,0.0,27.818181818181817,0.0,0.0,5363.636363636364,Cruising
0.5600339999999999,15.785556,39794.012506383544,12999.210762203726,12199.259330683495,12199.259330683495,2396.2830828128294,0.0,0.0,0.0,0.0,0.0,0.0,0.0,0.0,0.0,27.714285714285715,0.0,0.0,5154.545454545455,Cruising
0.5497550000000011,16.340452499999998,40185.173395421516,13005.79348982726,12205.436967376352,12205.436967376352,2441.0873934752703,327.41857736628066,0.0,0.0,0.0,0.0,0.0,0.0,0.0,0.0,27.454545454545453,0.0,0.0,5000.0,Cruising
0.5600449999999988,16.8953535,39793.23090108839,12998.955441080656,12199.019721629538,12199.019721629538,2396.2360167486595,0.0,0.0,0.0,0.0,0.0,0.0,0.0,0.0,0.0,27.267857142857142,0.0,0.0,4890.909090909091,Cruising
0.5501679999999993,17.450461,40155.007197801446,12996.030303470956,12196.274592488127,12196.274592488127,2439.2549184976256,327.17279085661147,0.0,0.0,0.0,0.0,0.0,0.0,0.0,0.0,27.272727272727273,0.0,0.0,4813.636363636364,Cruising
0.5501870000000011,18.0006405,40153.620496303905,12995.581502289197,12195.85340984063,12195.85340984063,2439.170681968126,327.16149236532243,0.0,0.0,0.0,0.0,0.0,0.0,0.0,0.0,26.90909090909091,0.0,0.0,4579.545454545455,Cruising
0.560019999999998,18.555745,39795.00732116724,12999.535730866803,12199.564301274999,12199.564301274999,2396.3429877504464,0.0,0.0,0.0,0.0,0.0,0.0,0.0,0.0,0.0,26.321428571428573,0.0,0.0,4393.181818181818,Cruising
0.5500019999999992,19.110757,40167.126664994,12999.952727444646,12199.955636524975,12199.955636524975,2439.991127304995,327.27153719441066,0.0,0.0,0.0,0.0,0.0,0.0,0.0,0.0,26.363636363636363,0.0,0.0,4306.818181818182,Cruising
0.5554060000000014,19.663462000000003,40125.60181200769,13107.528546684734,12081.252273111892,12300.911405350289,2635.9095868607765,0.0,0.0,0.0,0.0,0.0,0.0,0.0,0.0,0.0,26.267857142857142,0.0,0.0,4216.666666666667,Cruising
0.5453800000000015,20.218508,40507.53602992398,13110.125050423521,12303.348124243612,12303.348124243612,2460.6696248487224,330.04510616450824,0.0,0.0,0.0,0.0,0.0,0.0,0.0,0.0,26.345454545454544,0.0,0.0,4127.272727272727,Cruising
0.5554039999999993,20.773542,40125.746303591666,13107.575746663706,12300.955700715169,12300.955700715169,2416.2591554976225,0.0,0.0,0.0,0.0,0.0,0.0,0.0,0.0,0.0,26.285714285714285,0.0,0.0,4038.6363636363635,Cruising
0.5452939999999984,21.328529,40513.924598473604,13112.192688714751,12305.288523255382,12305.288523255382,2461.057704651076,330.0971585970147,0.0,0.0,0.0,0.0,0.0,0.0,0.0,0.0,26.363636363636363,0.0,0.0,3954.5454545454545,Cruising
0.5554779999999973,21.883369000000002,40120.40080795299,13105.829573808569,12299.316984651117,12299.316984651117,2415.937264842184,0.0,0.0,0.0,0.0,0.0,0.0,0.0,0.0,0.0,26.285714285714285,0.0,0.0,3763.6363636363635,Cruising
0.5455819999999996,22.438474999999997,40492.53824356379,13105.271068327045,12298.792848737688,12298.792848737688,2459.7585697475374,329.9229080138277,0.0,0.0,0.0,0.0,0.0,0.0,0.0,0.0,26.272727272727273,0.0,0.0,3406.818181818182,Cruising
0.5555129999999977,22.9936115,40117.873029074195,13105.003843294451,12298.542068322484,12298.542068322484,2415.7850491347735,0.0,0.0,0.0,0.0,0.0,0.0,0.0,0.0,0.0,26.339285714285715,0.0,0.0,3047.7272727272725,Cruising
0.5469669999999986,23.5478765,40390.005247117384,13072.086615828775,12267.650516393158,12267.650516393158,2453.5301032786315,329.08749522366145,0.0,0.0,0.0,0.0,0.0,0.0,0.0,0.0,24.10909090909091,0.0,0.0,2915.909090909091,Cruising
0.5453349999999979,24.098758500000002,40510.878634234155,13111.20687283968,12304.363372972624,12304.363372972624,2460.8726745945246,330.07234085470526,0.0,0.0,0.0,0.0,0.0,0.0,0.0,0.0,24.30909090909091,0.0,0.0,3179.5454545454545,Cruising
0.5555029999999981,24.6538065,40118.59521910787,13105.239755680932,12298.763463023644,12298.763463023644,2415.8285373796443,0.0,0.0,0.0,0.0,0.0,0.0,0.0,0.0,0.0,24.767857142857142,0.0,0.0,3304.5454545454545,Cruising
0.545382,25.208792000000003,40507.387482535174,13110.076973570818,12303.30300596646,12303.30300596646,2460.6606011932918,330.04389583814645,0.0,0.0,0.0,0.0,0.0,0.0,0.0,0.0,24.90909090909091,0.0,0.0,3347.7272727272725,Cruising
0.5500229999999995,25.7611415,40503.760751823145,12999.45638636931,12421.298745688828,12421.298745688828,2661.7068740761774,0.0,0.0,0.0,0.0,0.0,0.0,0.0,0.0,0.0,24.87272727272727,0.0,0.0,3258.3333333333335,Cruising
0.5446269999999984,26.3138805,40563.541653278415,13128.251078260939,12320.358704214113,12320.358704214113,2464.0717408428227,330.5014257464293,0.0,0.0,0.0,0.0,0.0,0.0,0.0,0.0,24.4,0.0,0.0,3061.3636363636365,Cruising
0.5546299999999995,26.868654,40181.74278347731,13125.86769558085,12318.121991237413,12318.121991237413,2419.6311054216344,0.0,0.0,0.0,0.0,0.0,0.0,0.0,0.0,0.0,24.178571428571427,0.0,0.0,2988.6363636363635,Cruising
0.5446840000000002,27.423696,40559.29676656555,13126.87723524098,12319.069405379996,12319.069405379996,2463.8138810759992,330.4668394885841,0.0,0.0,0.0,0.0,0.0,0.0,0.0,0.0,24.0,0.0,0.0,2975.0,Cruising
0.5546250000000015,27.9788055,40182.1050259183,13125.986026594512,12318.23304034254,12318.23304034254,2419.6529186387133,0.0,0.0,0.0,0.0,0.0,0.0,0.0,0.0,0.0,24.089285714285715,0.0,0.0,2959.090909090909,Cruising
0.5446549999999988,28.5339745,40561.4563347441,13127.576172072258,12319.725330713965,12319.725330713965,2463.945066142793,330.4844351011198,0.0,0.0,0.0,0.0,0.0,0.0,0.0,0.0,24.0,0.0,0.0,2950.0,Cruising
0.544391000000001,29.0838965,40581.12643302325,13133.942331890108,12325.699726850717,12325.699726850717,2465.1399453701433,330.64470206156915,0.0,0.0,0.0,0.0,0.0,0.0,0.0,0.0,24.0,0.0,0.0,2950.0,Cruising
0.5548269999999995,29.6389595,40167.47562753799,13121.207151057908,12313.748249454346,12313.748249454346,2418.771977571389,0.0,0.0,0.0,0.0,0.0,0.0,0.0,0.0,0.0,23.910714285714285,0.0,0.0,2847.7272727272725,Cruising
0.539829000000001,30.191672500000003,41276.03370697009,13244.93497014793,12203.86455710973,12203.86455710973,2485.9724097816115,333.4389223254024,0.0,0.0,803.9582904956925,0.0,0.0,0.0,0.0,0.0,23.345454545454544,0.0,0.0,2661.3636363636365,Cruising
0.5554339999999982,30.74411,40123.579039093886,13106.86778267089,12300.291303737298,12300.291303737298,2416.1286489483978,0.0,0.0,0.0,0.0,0.0,0.0,0.0,0.0,0.0,23.089285714285715,0.0,0.0,2604.5454545454545,Cruising
0.5399530000000006,31.2965715,41251.73857724649,13001.131579970835,12427.007535841069,12201.061944280322,2485.401507168214,333.3623482043804,0.0,0.0,803.7736617816728,0.0,0.0,0.0,0.0,0.0,23.0,0.0,0.0,2600.0,Cruising
0.5599840000000036,31.846541000000002,39797.56564473245,13000.371439183893,12200.348581387962,12200.348581387962,2396.4970427726353,0.0,0.0,0.0,0.0,0.0,0.0,0.0,0.0,0.0,23.089285714285715,0.0,0.0,2597.7272727272725,Cruising
0.5397669999999977,32.3964175,41265.953642960936,13005.611680595572,12205.266346405077,12431.28979726443,2486.2579594528856,333.47722257937363,0.0,0.0,804.0506366636009,0.0,0.0,0.0,0.0,0.0,22.925925925925927,0.0,0.0,2581.818181818182,Cruising
0.5501179999999977,32.946747,40856.68892855732,13233.524443846649,12197.383106897118,12197.383106897118,2439.4766213794237,0.0,0.0,0.0,788.9216495370117,0.0,0.0,0.0,0.0,0.0,23.071428571428573,0.0,0.0,2588.6363636363635,Cruising
0.5455450000000042,33.4992035,40495.28453198147,13106.15989515062,12299.626978525966,12299.626978525966,2459.9253957051933,329.9452840737219,0.0,0.0,0.0,0.0,0.0,0.0,0.0,0.0,23.0,0.0,0.0,2575.0,Cruising
0.5453589999999977,34.0493185,40509.09584328872,13110.629878667134,12303.821886133774,12303.821886133774,2460.7643772267547,330.0578151272845,0.0,0.0,0.0,0.0,0.0,0.0,0.0,0.0,22.963636363636365,0.0,0.0,2579.5454545454545,Cruising
0.5551480000000026,34.604259,40144.249821668986,13113.620151743256,12306.62814240521,12306.62814240521,2417.3733851153092,0.0,0.0,0.0,0.0,0.0,0.0,0.0,0.0,0.0,23.035714285714285,0.0,0.0,2581.818181818182,Cruising
0.545698999999999,35.1593125,40483.85648498539,13102.461246951181,12296.155939446493,12296.155939446493,2459.231187889299,329.85217125191787,0.0,0.0,0.0,0.0,0.0,0.0,0.0,0.0,22.90909090909091,0.0,0.0,2590.909090909091,Cruising
0.5500240000000005,35.711726,40503.68711183508,12999.432752025354,12421.276162494716,12421.276162494716,2661.7020348202964,0.0,0.0,0.0,0.0,0.0,0.0,0.0,0.0,0.0,23.054545454545455,0.0,0.0,2600.0,Cruising
0.5447010000000034,36.2644395,40558.03091971533,13126.46754825116,12318.684929897243,12318.684929897243,2463.7369859794485,330.456525690239,0.0,0.0,0.0,0.0,0.0,0.0,0.0,0.0,22.98181818181818,0.0,0.0,2577.2727272727275,Cruising
0.5546480000000003,36.819466,40180.438764766106,13125.441721596393,12317.722231036616,12317.722231036616,2419.552581096478,0.0,0.0,0.0,0.0,0.0,0.0,0.0,0.0,0.0,23.053571428571427,0.0,0.0,2590.909090909091,Cruising
0.5444510000000022,37.3743915,40576.65428110135,13132.494935265011,12324.341400787165,12324.341400787165,2464.8682801574328,330.6082641045737,0.0,0.0,0.0,0.0,0.0,0.0,0.0,0.0,22.90909090909091,0.0,0.0,2593.181818181818,Cruising
0.5543499999999995,37.929417,40202.03842337877,13132.497519617584,12324.343826102655,12324.343826102655,2420.8532515558786,0.0,0.0,0.0,0.0,0.0,0.0,0.0,0.0,0.0,23.0,0.0,0.0,2588.6363636363635,Cruising
0.5446560000000034,38.484353,40561.38186304725,13127.552069563093,12319.702711436134,12319.702711436134,2463.9405422872264,330.4838283246653,0.0,0.0,0.0,0.0,0.0,0.0,0.0,0.0,23.0,0.0,0.0,2518.181818181818,Cruising
0.5445350000000033,39.034409499999995,40570.394924109314,13130.46911585106,12322.440247183302,12322.440247183302,2464.4880494366603,330.5572644549917,0.0,0.0,0.0,0.0,0.0,0.0,0.0,0.0,22.272727272727273,0.0,0.0,2331.818181818182,Cruising
0.5547480000000036,39.589436,40173.19575735263,13123.075702841566,12315.50181343593,12315.50181343593,2419.116427639201,0.0,0.0,0.0,0.0,0.0,0.0,0.0,0.0,0.0,22.0,0.0,0.0,2300.0,Cruising
0.5448440000000048,40.144603000000004,40547.38604077462,13123.02236970571,12315.451762339204,12315.451762339204,2463.0903524678406,330.3697939226612,0.0,0.0,0.0,0.0,0.0,0.0,0.0,0.0,21.90909090909091,0.0,0.0,2313.6363636363635,Cruising
0.5544939999999983,40.699539,40191.59810566042,13129.087059553436,12321.143240503994,12321.143240503994,2420.224565098999,0.0,0.0,0.0,0.0,0.0,0.0,0.0,0.0,0.0,22.089285714285715,0.0,0.0,2309.090909090909,Cruising
0.544871999999998,41.254591,40545.302382945134,13122.348000998447,12314.818893244697,12314.818893244697,2462.9637786489393,330.35281680835254,0.0,0.0,0.0,0.0,0.0,0.0,0.0,0.0,21.90909090909091,0.0,0.0,2309.090909090909,Cruising
0.5543820000000039,41.8097,40199.717884058,13131.739486491171,12323.632441168638,12323.632441168638,2420.7135152295536,0.0,0.0,0.0,0.0,0.0,0.0,0.0,0.0,0.0,22.089285714285715,0.0,0.0,2320.4545454545455,Cruising
0.5500400000000027,42.362100999999996,40164.35168351373,12999.05461420981,12199.112791796899,12199.112791796899,2439.82255835938,327.2489273507365,0.0,0.0,0.0,0.0,0.0,0.0,0.0,0.0,21.945454545454545,0.0,0.0,2304.5454545454545,Cruising
0.5600430000000003,42.9171425,39793.37300885823,12999.00186235699,12199.063286211946,11981.222870386731,2614.0849899025598,0.0,0.0,0.0,0.0,0.0,0.0,0.0,0.0,0.0,22.053571428571427,0.0,0.0,2310.4166666666665,Cruising
0.5497410000000045,43.472035500000004,40186.19677266171,13006.124702359733,12205.747797599133,12205.747797599133,2441.1495595198267,327.4269155838814,0.0,0.0,0.0,0.0,0.0,0.0,0.0,0.0,21.90909090909091,0.0,0.0,2302.2727272727275,Cruising
0.5500419999999977,44.021927000000005,40164.20564247838,12999.007348529803,12199.068434774123,12199.068434774123,2439.813686954825,327.24773744550555,0.0,0.0,0.0,0.0,0.0,0.0,0.0,0.0,22.09090909090909,0.0,0.0,2315.909090909091,Cruising
0.5600260000000006,44.576961,39794.58096588369,12999.396456593073,12199.433597725807,12199.433597725807,2396.317313838998,0.0,0.0,0.0,0.0,0.0,0.0,0.0,0.0,0.0,22.0,0.0,0.0,2300.0,Cruising
0.5500800000000012,45.132014999999996,40161.43106457234,12998.109365910384,12198.22571262359,12198.22571262359,2439.6451425247183,327.2251308900516,0.0,0.0,0.0,0.0,0.0,0.0,0.0,0.0,22.0,0.0,0.0,2286.3636363636365,Cruising
0.5600200000000015,45.687067,39795.007321166995,12999.535730866719,12199.56430127492,12199.56430127492,2396.342987750431,0.0,0.0,0.0,0.0,0.0,0.0,0.0,0.0,0.0,21.553571428571427,0.0,0.0,2104.5454545454545,Cruising
0.5499989999999997,46.2420775,40167.345758810494,13000.023636406619,12200.02218185852,12200.02218185852,2440.004436371704,327.2733223151317,0.0,0.0,0.0,0.0,0.0,0.0,0.0,0.0,21.072727272727274,0.0,0.0,2031.8181818181818,Cruising
0.5600720000000052,46.797114,39791.31254552949,12998.328786298784,12198.431630218858,12198.431630218858,2396.12049879299,0.0,0.0,0.0,0.0,0.0,0.0,0.0,0.0,0.0,20.910714285714285,0.0,0.0,2025.0,Cruising
0.5500899999999973,47.352196,40160.70097620409,12997.873075315012,12198.003962987934,12198.003962987934,2439.600792597587,327.2191823156227,0.0,0.0,0.0,0.0,0.0,0.0,0.0,0.0,21.0,0.0,0.0,2050.0,Cruising
0.5599249999999998,47.9072055,39801.75916417379,13001.74130463902,12201.634147430465,12201.634147430465,2396.749564673841,0.0,0.0,0.0,0.0,0.0,0.0,0.0,0.0,0.0,21.089285714285715,0.0,0.0,2045.4545454545455,Cruising
0.5500420000000048,48.46219,40164.20564247786,12999.007348529634,12199.068434773964,12199.068434773964,2439.813686954793,327.2477374455013,0.0,0.0,0.0,0.0,0.0,0.0,0.0,0.0,21.0,0.0,0.0,2025.0,Cruising
0.5554130000000015,49.0149185,40125.096099659066,13107.36334943543,12081.1000102626,12300.756374085557,2635.8763658754765,0.0,0.0,0.0,0.0,0.0,0.0,0.0,0.0,0.0,21.089285714285715,0.0,0.0,2014.5833333333333,Cruising
0.5474899999999963,49.568902,40351.42194378007,13059.599262087067,12255.931615189402,12255.931615189402,2451.1863230378804,328.7731282763178,0.0,0.0,0.0,0.0,0.0,0.0,0.0,0.0,20.818181818181817,0.0,0.0,2029.5454545454545,Cruising
0.5454420000000013,50.12007,40502.931567425956,13108.634831934436,12301.949611507702,12301.949611507702,2460.3899223015405,330.00759017457324,0.0,0.0,0.0,0.0,0.0,0.0,0.0,0.0,21.0,0.0,0.0,2050.0,Cruising
0.5554300000000012,50.675247,40123.8679941666,13106.962173451171,12300.379885854176,12300.379885854176,2416.1460490070704,0.0,0.0,0.0,0.0,0.0,0.0,0.0,0.0,0.0,21.0,0.0,0.0,2050.0,Cruising
0.5451979999999992,51.23013,40521.05840446963,13114.501520548518,12307.455273130146,12307.455273130146,2461.4910546260294,330.15528303478783,0.0,0.0,0.0,0.0,0.0,0.0,0.0,0.0,20.90909090909091,0.0,0.0,1952.2727272727273,Cruising
0.5556620000000052,51.785183,40107.11547667429,13101.489754562903,12295.244231205186,12295.244231205186,2415.1372597010186,0.0,0.0,0.0,0.0,0.0,0.0,0.0,0.0,0.0,20.089285714285715,0.0,0.0,1818.1818181818182,Cruising
0.545098000000003,52.340214,40528.49212435173,13116.907418482477,12309.713115806631,12309.713115806631,2461.9426231613265,330.2158510946638,0.0,0.0,0.0,0.0,0.0,0.0,0.0,0.0,19.90909090909091,0.0,0.0,1843.1818181818182,Cruising
0.5556529999999995,52.895253499999995,40107.765098001844,13101.701961475968,12295.443379231294,12295.443379231294,2415.17637806329,0.0,0.0,0.0,0.0,0.0,0.0,0.0,0.0,0.0,20.089285714285715,0.0,0.0,1845.4545454545455,Cruising
0.5454289999999986,53.4504355,40503.89693250644,13108.947269030466,12302.242821705515,12302.242821705515,2460.448564341103,330.0154557238439,0.0,0.0,0.0,0.0,0.0,0.0,0.0,0.0,19.90909090909091,0.0,0.0,1836.3636363636363,Cruising
0.5552309999999991,54.0053635,40138.24876492853,13111.659831673684,12304.788457416842,12304.788457416842,2417.0120184211655,0.0,0.0,0.0,0.0,0.0,0.0,0.0,0.0,0.0,20.089285714285715,0.0,0.0,1843.1818181818182,Cruising
0.5453410000000005,54.560285500000006,40510.432921786516,13111.062619535287,12304.227996794654,12304.227996794654,2460.845599358931,330.06870930298624,0.0,0.0,0.0,0.0,0.0,0.0,0.0,0.0,19.90909090909091,0.0,0.0,1838.6363636363637,Cruising
0.5453929999999971,55.1102635,40506.57049137066,13109.812557183604,12303.05486135692,12303.05486135692,2460.610972271384,330.037239201825,0.0,0.0,0.0,0.0,0.0,0.0,0.0,0.0,19.763636363636362,0.0,0.0,1731.8181818181818,Cruising
0.5502290000000016,55.6627475,40488.59656615688,12994.589525452091,12416.648340963453,12416.648340963453,2660.710358777883,0.0,0.0,0.0,0.0,0.0,0.0,0.0,0.0,0.0,19.0,0.0,0.0,1625.0,Cruising
0.5448689999999985,56.215477500000006,40545.52562175506,13122.420251473326,12314.886697536505,12314.886697536505,2462.977339507301,330.3546357014264,0.0,0.0,0.0,0.0,0.0,0.0,0.0,0.0,18.90909090909091,0.0,0.0,1647.7272727272727,Cruising
0.5547849999999954,56.7704905,40170.5165063947,13122.200492082628,12314.680461800619,12314.680461800619,2418.955090710836,0.0,0.0,0.0,0.0,0.0,0.0,0.0,0.0,0.0,19.0,0.0,0.0,1643.1818181818182,Cruising
0.5445860000000025,57.325686000000005,40566.59554230168,13129.2394589651,12321.286261490324,12321.286261490324,2464.257252298065,330.52630805786265,0.0,0.0,0.0,0.0,0.0,0.0,0.0,0.0,18.472727272727273,0.0,0.0,1495.4545454545455,Cruising
0.554711999999995,57.880665,40175.80293918322,13123.927371320731,12316.301071547148,12316.301071547148,2419.2734247681897,0.0,0.0,0.0,0.0,0.0,0.0,0.0,0.0,0.0,17.910714285714285,0.0,0.0,1456.8181818181818,Cruising
0.5446930000000023,58.4357115,40558.62660250803,13126.660338943166,12318.865856546663,12318.865856546663,2463.7731713093326,330.46137916220556,0.0,0.0,0.0,0.0,0.0,0.0,0.0,0.0,18.0,0.0,0.0,1488.6363636363637,Cruising
0.5546679999999995,58.990747,40178.989954351106,13124.968449595084,12317.278083466157,12317.278083466157,2419.4653378237094,0.0,0.0,0.0,0.0,0.0,0.0,0.0,0.0,0.0,18.0,0.0,0.0,1475.0,Cruising
0.5443890000000025,59.545661499999994,40581.27552173152,13133.990583939,12325.745009542752,12325.745009542752,2465.1490019085504,330.6459167984643,0.0,0.0,0.0,0.0,0.0,0.0,0.0,0.0,17.98181818181818,0.0,0.0,1427.2727272727273,Cruising
0.5446609999999978,60.0955525,40561.00950866702,13127.431558345519,12319.589616293486,12319.589616293486,2463.917923258697,330.4807944758312,0.0,0.0,0.0,0.0,0.0,0.0,0.0,0.0,17.0,0.0,0.0,1277.2727272727273,Cruising
0.5546750000000031,60.6506235,40178.48289538897,13124.802812457672,12317.122639383353,12317.122639383353,2419.434804164587,0.0,0.0,0.0,0.0,0.0,0.0,0.0,0.0,0.0,16.821428571428573,0.0,0.0,1325.0,Cruising
0.5448249999999959,61.205721499999996,40548.80007341837,13123.480016519165,12315.88124627183,12315.88124627183,2463.176249254366,330.38131510118177,0.0,0.0,0.0,0.0,0.0,0.0,0.0,0.0,17.09090909090909,0.0,0.0,1334.090909090909,Cruising
0.5547340000000034,61.760881,40174.20962118757,13123.406894114936,12315.812623707863,12315.812623707863,2419.177479656902,0.0,0.0,0.0,0.0,0.0,0.0,0.0,0.0,0.0,17.0,0.0,0.0,1325.0,Cruising
0.5497930000000011,62.313145500000005,40182.39591991887,13004.894569410644,12204.593365139219,12204.593365139219,2440.918673027844,327.3959472019463,0.0,0.0,0.0,0.0,0.0,0.0,0.0,0.0,16.581818181818182,0.0,0.0,1190.909090909091,Cruising
0.5601199999999977,62.868271,39787.90259230181,12997.214882525226,12197.386274369826,11979.575805184651,2613.725630222106,0.0,0.0,0.0,0.0,0.0,0.0,0.0,0.0,0.0,15.732142857142858,0.0,0.0,1156.25,Cruising
0.5498019999999997,63.423233,40181.738153007835,13004.681685406755,12204.393581689415,12204.393581689415,2440.878716337883,327.39058788436586,0.0,0.0,0.0,0.0,0.0,0.0,0.0,0.0,16.0,0.0,0.0,1200.0,Cruising
0.5602270000000047,63.978249500000004,39780.30334132381,12994.732492364594,12195.056646680618,12195.056646680618,2395.4575555979786,0.0,0.0,0.0,0.0,0.0,0.0,0.0,0.0,0.0,15.910714285714286,0.0,0.0,1084.090909090909,Cruising
0.5500370000000032,64.5333825,40164.5707470586,12999.125513374478,12199.17932793605,12199.17932793605,2439.83586558721,327.25071222481205,0.0,0.0,0.0,0.0,0.0,0.0,0.0,0.0,14.636363636363637,0.0,0.0,1011.3636363636364,Cruising
0.5497369999999933,65.0832705,40186.489175733615,13006.21933761069,12205.83660914234,12205.83660914234,2441.1673218284677,327.4292980097796,0.0,0.0,0.0,0.0,0.0,0.0,0.0,0.0,15.090909090909092,0.0,0.0,1070.4545454545455,Cruising
0.5600809999999967,65.6381805,39790.673134778954,12998.119914798115,12198.235612348999,12198.235612348999,2396.081995282839,0.0,0.0,0.0,0.0,0.0,0.0,0.0,0.0,0.0,15.0,0.0,0.0,1036.3636363636363,Cruising
0.5502139999999969,66.193329,40151.65008523979,12994.943785508985,12195.25493716997,12195.25493716997,2439.050987433994,327.14543795686956,0.0,0.0,0.0,0.0,0.0,0.0,0.0,0.0,14.436363636363636,0.0,0.0,904.5454545454545,Cruising
0.5600850000000008,66.7484805,39790.388958818694,12998.027085174552,12198.148495317657,12198.148495317657,2396.0648830088253,0.0,0.0,0.0,0.0,0.0,0.0,0.0,0.0,0.0,13.732142857142858,0.0,0.0,915.9090909090909,Cruising
0.5500380000000007,67.303544,40164.49772561163,12999.101880233713,12199.157149142407,12199.157149142407,2439.8314298284813,327.2501172646249,0.0,0.0,0.0,0.0,0.0,0.0,0.0,0.0,14.090909090909092,0.0,0.0,940.9090909090909,Cruising
0.5600259999999935,67.858577,39794.58096588419,12999.396456593238,12199.433597725962,12199.433597725962,2396.3173138390284,0.0,0.0,0.0,0.0,0.0,0.0,0.0,0.0,0.0,14.0,0.0,0.0,915.9090909090909,Cruising
0.5500349999999941,68.4136095,40164.71679075011,12999.172779914146,12199.223685765583,12199.223685765583,2439.8447371531165,327.2519021516848,0.0,0.0,0.0,0.0,0.0,0.0,0.0,0.0,14.0,0.0,0.0,918.1818181818181,Cruising
0.5553559999999891,68.966307,40129.214413818234,13108.708648146672,12082.339976519803,12302.0188851838,2636.1469039679573,0.0,0.0,0.0,0.0,0.0,0.0,0.0,0.0,0.0,13.142857142857142,0.0,0.0,783.3333333333334,Cruising
0.5454409999999967,69.52140449999999,40503.00582464489,13108.65886502856,12301.972165642188,12301.972165642188,2460.3944331284374,330.0081952035162,0.0,0.0,0.0,0.0,0.0,0.0,0.0,0.0,12.872727272727273,0.0,0.0,834.0909090909091,Cruising
0.5453829999999869,70.0713705,40507.31320925026,13110.052935276994,12303.280446952254,12303.280446952254,2460.656089390451,330.0432906783019,0.0,0.0,0.0,0.0,0.0,0.0,0.0,0.0,13.2,0.0,0.0,781.8181818181819,Cruising
0.5551400000000086,70.62628699999999,40144.82833159141,13113.809129228459,12306.805490506707,12306.805490506707,2417.4082213495317,0.0,0.0,0.0,0.0,0.0,0.0,0.0,0.0,0.0,11.928571428571429,0.0,0.0,634.0909090909091,Cruising
0.540112999999991,71.1785555,40661.861499353596,12997.280198773436,12423.326229881734,12423.326229881734,2484.6652459763463,333.2635948403445,0.0,0.0,0.0,0.0,0.0,0.0,0.0,0.0,11.814814814814815,0.0,0.0,729.5454545454545,Cruising
0.5547219999999982,71.731471,39955.14870511729,13123.69078565484,12316.079044999158,12096.149062052744,2419.2298124105487,0.0,0.0,0.0,0.0,0.0,0.0,0.0,0.0,0.0,12.178571428571429,0.0,0.0,686.3636363636364,Cruising
0.5453540000000032,72.28151,40285.759341638404,13110.750081598297,12080.226788471271,12303.934691961478,2460.7869383922957,330.060841215062,0.0,0.0,0.0,0.0,0.0,0.0,0.0,0.0,11.363636363636363,0.0,0.0,550.0,Cruising
0.55003099999999,72.8338555,40281.365959373936,12999.267314024357,12421.118082435582,12421.118082435582,2439.8624804784176,0.0,0.0,0.0,0.0,0.0,0.0,0.0,0.0,0.0,10.636363636363637,0.0,0.0,590.9090909090909,Cruising
0.5446579999999983,73.386586,40337.239148236265,13127.503864810618,12319.657473129966,12095.663700891238,2463.9314946259933,330.48261477844915,0.0,0.0,0.0,0.0,0.0,0.0,0.0,0.0,11.181818181818182,0.0,0.0,595.4545454545455,Cruising
0.5554489999999959,73.93664050000001,39902.85336727614,13106.513829352567,12080.31700480161,12299.95913216164,2416.0634009603223,0.0,0.0,0.0,0.0,0.0,0.0,0.0,0.0,0.0,10.714285714285714,0.0,0.0,502.27272727272725,Cruising
0.5400290000000041,74.4889605,40668.18633814079,12999.301889342882,12425.258643517198,12425.258643517198,2485.0517287034395,333.3154330600739,0.0,0.0,0.0,0.0,0.0,0.0,0.0,0.0,9.62962962962963,0.0,0.0,454.54545454545456,Cruising
0.5520569999999907,75.0403405,40035.72094910557,13187.044091461792,12154.542012872063,12154.542012872063,2430.908402574413,108.68442932523455,0.0,0.0,0.0,0.0,0.0,0.0,0.0,0.0,10.196428571428571,0.0,0.0,509.09090909090907,Cruising
0.5471580000000102,75.59063499999999,40266.24850591527,13067.52345757508,12263.368167878152,12263.368167878152,2452.6736335756304,219.3150790082531,0.0,0.0,0.0,0.0,0.0,0.0,0.0,0.0,9.690909090909091,0.0,0.0,386.3636363636364,Cruising
0.5398009999999971,76.1389245,40685.363680319446,13004.792506868342,12430.50679787558,12430.50679787558,2486.101359575116,333.45621812482926,0.0,0.0,0.0,0.0,0.0,0.0,0.0,0.0,8.62962962962963,0.0,0.0,368.1818181818182,Cruising
0.5447419999999994,76.68653599999999,41480.18695088689,13125.479584830999,12317.757764226015,12317.757764226015,2463.551552845203,0.0,1255.6402847586578,0.0,0.0,0.0,0.0,0.0,0.0,0.0,9.272727272727273,0.0,0.0,397.72727272727275,Cruising
0.5446220000000039,77.236566,40339.905475724154,13128.371604525613,12320.471813477883,12096.463235051013,2464.0943626955764,330.5044599740714,0.0,0.0,0.0,0.0,0.0,0.0,0.0,0.0,8.545454545454545,0.0,0.0,300.0,Cruising
0.5500360000000057,77.783895,41080.94742889513,12999.149146601178,12199.201506810336,12199.201506810336,2439.8403013620673,0.0,1243.5549673112175,0.0,0.0,0.0,0.0,0.0,0.0,0.0,7.818181818181818,0.0,0.0,270.45454545454544,Cruising
0.5456190000000021,78.3317245,40266.19307612073,13104.382362051125,12074.359580586408,12297.958832078748,2459.5917664157496,329.90053498869963,0.0,0.0,0.0,0.0,0.0,0.0,0.0,0.0,8.090909090909092,0.0,0.0,297.72727272727275,Cruising
0.5502459999999871,78.884107,40265.62664699156,12994.188054070664,12416.264725232277,12416.264725232277,2438.9091424563403,0.0,0.0,0.0,0.0,0.0,0.0,0.0,0.0,0.0,8.0,0.0,0.0,275.0,Cruising
0.5448990000000009,79.4369015,40319.39864084897,13121.697782524812,12314.208688215595,12090.313984793493,2462.841737643119,330.33644767195335,0.0,0.0,0.0,0.0,0.0,0.0,0.0,0.0,8.0,0.0,0.0,311.3636363636364,Cruising
0.5553090000000083,79.9870065,39912.91335094455,13109.818137289134,12083.362596320067,12303.06009807134,2416.6725192640133,0.0,0.0,0.0,0.0,0.0,0.0,0.0,0.0,0.0,7.910714285714286,0.0,0.0,263.6363636363636,Cruising
0.5352450000000033,80.5369565,41853.73053461473,13115.489168511534,12308.38214275698,12308.38214275698,2507.2630290801253,336.2945940643983,1277.9194574447138,0.0,0.0,0.0,0.0,0.0,0.0,0.0,8.0,0.0,0.0,300.0,Cruising
0.5400099999999952,81.079335,40669.61722931093,12999.759263717453,12425.69582044788,12425.69582044788,2485.139164089576,333.3271606081398,0.0,0.0,0.0,0.0,0.0,0.0,0.0,0.0,8.092592592592593,0.0,0.0,281.8181818181818,Cruising
0.5544249999999948,81.6319095,39976.552283898105,13130.721017270267,12322.676646976712,12102.62884970927,2420.5257699418544,0.0,0.0,0.0,0.0,0.0,0.0,0.0,0.0,0.0,7.910714285714286,0.0,0.0,295.45454545454544,Cruising
0.5453680000000105,82.181806,40284.72517639388,13110.413518944753,12079.916680113012,12303.618840855845,2460.723768171169,330.0523683090987,0.0,0.0,0.0,0.0,0.0,0.0,0.0,0.0,8.090909090909092,0.0,0.0,277.27272727272725,Cruising
0.5500109999999978,82.73416950000001,40282.83070702238,12999.740005199948,12421.569750423223,12421.569750423223,2439.95120097599,0.0,0.0,0.0,0.0,0.0,0.0,0.0,0.0,0.0,7.909090909090909,0.0,0.0,290.90909090909093,Cruising
0.5449389999999994,83.2870125,40316.43908767775,13120.734614332994,12313.304791912504,12089.426522968639,2462.6609583825007,330.31220008111035,0.0,0.0,0.0,0.0,0.0,0.0,0.0,0.0,8.090909090909092,0.0,0.0,277.27272727272725,Cruising
0.5553770000000071,83.83717250000001,39908.026439697205,13108.212979651493,12081.883117233725,12301.553719365247,2416.376623446745,0.0,0.0,0.0,0.0,0.0,0.0,0.0,0.0,0.0,5.446428571428571,0.0,0.0,104.54545454545455,Cruising
0.5351010000000116,84.38709349999999,41864.993711466646,13119.018652553159,12311.694427780656,12311.694427780656,2507.937753807171,336.3850936552092,1278.2633558897949,0.0,0.0,0.0,0.0,0.0,0.0,0.0,0.0,0.0,0.0,0.0,Stopped
