TimeWindow,Average_Timestamp,TP_Overall,TP_Speed,TP_Throttle,TP_Brake,TP_Cruise,TP_Broadcast,TP_DHCP,TP_MDNS,TP_SSDP,TP_Malicious,VehicleSpeed,ThrottleDemand,BrakePressed,CruiseDemand,Behaviour
0.130226,0.065113,41143.85760140064,13975.703776511602,12178.827576674395,12178.827576674395,2810.498671540245,0.0,0.0,0.0,0.0,0.0,18.0,1556.2307692307693,0.0,0.0,Moving
0.13018900000000003,0.20049250000000002,41094.101652213314,12981.127437801963,13119.387966725297,13119.387966725297,1874.1982809607566,0.0,0.0,0.0,0.0,0.0,18.0,1557.142857142857,0.0,0.0,Moving
0.130006,0.335187,41213.48245465593,13999.353875974954,12199.43694906389,12199.43694906389,2815.254680553205,0.0,0.0,0.0,0.0,0.0,18.0,1556.1538461538462,0.0,0.0,Moving
0.11974299999999999,0.46528250000000004,42541.10887484028,13027.901422212573,13245.033112582783,12226.184411614877,2037.6974019358126,2004.292526494242,0.0,0.0,0.0,0.0,18.0,1555.3846153846155,0.0,0.0,Moving
0.13027299999999997,0.5902915,41067.60418505754,12972.7572098593,12174.433689252572,13110.928588425846,2809.4846975198243,0.0,0.0,0.0,0.0,0.0,18.0,1556.923076923077,0.0,0.0,Moving
0.12982700000000003,0.7251274999999999,41270.305868578944,14018.65559552327,12216.257018955994,12216.257018955994,2819.1362351436906,0.0,0.0,0.0,0.0,0.0,18.357142857142858,1553.923076923077,0.0,0.0,Moving
0.13021099999999997,0.8603405,41087.158534993214,12978.934191427763,13117.171360330543,13117.171360330543,1873.8816229043634,0.0,0.0,0.0,0.0,0.0,18.0,1557.142857142857,0.0,0.0,Moving
0.13451899999999994,0.9927064999999999,39830.80457035811,13529.687256075356,11790.156037437095,11790.156037437095,2720.8052394085607,0.0,0.0,0.0,0.0,0.0,18.0,1554.6153846153845,0.0,0.0,Moving
0.13019000000000003,1.130353,41093.7860050695,12981.027728704199,13119.287195637144,12182.195253091633,2811.2758276365307,0.0,0.0,0.0,0.0,0.0,18.0,1556.5,0.0,0.0,Moving
0.12993500000000013,1.2604175,41174.43337053138,13006.5032516258,12206.10305152575,13145.03405548927,2816.793011890558,0.0,0.0,0.0,0.0,0.0,18.0,1556.923076923077,0.0,0.0,Moving
0.135278,1.397918,39607.327133754196,13453.776667307322,12625.85194931918,11724.005381510666,1803.6931356170255,0.0,0.0,0.0,0.0,0.0,18.357142857142858,1555.7142857142858,0.0,0.0,Moving
0.11980799999999991,1.525463,42518.02884615387,13020.833333333343,12219.55128205129,12219.55128205129,3054.8878205128226,2003.2051282051295,0.0,0.0,0.0,0.0,18.0,1555.0,0.0,0.0,Moving
0.1347609999999999,1.6527485,39759.2775357856,13505.391025593468,11768.983608017164,12674.2900394031,1810.6128627718715,0.0,0.0,0.0,0.0,0.0,18.0,1556.923076923077,0.0,0.0,Moving
0.13018399999999986,1.790489,41095.6799606711,12981.626006268065,13119.891845388081,12182.756713574647,2811.405395440303,0.0,0.0,0.0,0.0,0.0,18.0,1557.857142857143,0.0,0.0,Moving
0.12992099999999995,1.9205425,41178.87023652837,13007.9048036884,12207.418354230653,13146.450535325317,2817.0965432839967,0.0,0.0,0.0,0.0,0.0,18.384615384615383,1555.3846153846155,0.0,0.0,Moving
0.13524200000000008,2.057891,39617.8701882551,13457.357921355784,12629.21281850312,11727.12618861004,1804.17325978616,0.0,0.0,0.0,0.0,0.0,18.0,1555.0,0.0,0.0,Moving
0.1298029999999999,2.1904145,41216.30470790355,13019.729898384487,12218.515750791594,13158.401577775563,2819.6574809519066,0.0,0.0,0.0,0.0,0.0,18.0,1556.923076923077,0.0,0.0,Moving
0.13020999999999994,2.325202,41148.913293909856,13977.421089010068,12180.32409185163,12180.32409185163,2810.84402119653,0.0,0.0,0.0,0.0,0.0,18.0,1555.4615384615386,0.0,0.0,Moving
0.11975699999999989,2.4554255,42536.13567474139,13026.378416293006,13243.484723231222,12224.755129136513,2037.4591881894187,2004.0582178912316,0.0,0.0,0.0,0.0,18.416666666666668,1556.2307692307693,0.0,0.0,Moving
0.13027999999999995,2.580445,41065.397605158134,12972.06017807799,12173.77955173473,13110.2241326374,2809.3337427080146,0.0,0.0,0.0,0.0,0.0,18.0,1556.2307692307693,0.0,0.0,Moving
0.1300159999999999,2.7152950000000002,41210.31257691364,13998.277135121842,12198.49864632046,12198.49864632046,2815.0381491508756,0.0,0.0,0.0,0.0,0.0,18.0,1553.923076923077,0.0,0.0,Moving
0.13010199999999994,2.850367,41121.581528339324,12989.807996802514,13128.160981383844,13128.160981383844,1875.4515687691205,0.0,0.0,0.0,0.0,0.0,18.384615384615383,1555.7857142857142,0.0,0.0,Moving
0.12989400000000018,2.985252,41249.018430412434,14011.424700140095,12209.955810122083,12209.955810122083,2817.682110028173,0.0,0.0,0.0,0.0,0.0,18.0,1555.3846153846155,0.0,0.0,Moving
0.13014500000000018,3.1203874999999996,41107.99492873328,12985.516155057803,13123.823427715222,12186.407468592706,2812.247877367548,0.0,0.0,0.0,0.0,0.0,18.0,1557.857142857143,0.0,0.0,Moving
0.1348550000000004,3.2528895,39731.56353120006,13495.977160653996,11760.78009714134,12665.455489229136,1809.3507841755907,0.0,0.0,0.0,0.0,0.0,18.142857142857142,1556.923076923077,0.0,0.0,Moving
0.1299819999999996,3.3906140000000002,41159.54516779259,13001.800249265323,13140.280961979392,12201.68946469515,2815.774491852727,0.0,0.0,0.0,0.0,0.0,18.23076923076923,1556.4285714285713,0.0,0.0,Moving
0.11979699999999971,3.5155054999999997,42521.9329365511,13022.028932277133,12220.673305675464,13239.062747815085,2036.778884279244,2003.3890665041745,0.0,0.0,0.0,0.0,18.0,1555.9166666666667,0.0,0.0,Moving
0.13452600000000015,3.6429,39828.731992328576,13528.983244874582,11789.542541962135,11789.542541962135,2720.6636635297236,0.0,0.0,0.0,0.0,0.0,18.357142857142858,1557.6923076923076,0.0,0.0,Moving
0.1301000000000001,3.780385,41122.213681783214,12990.00768639507,13128.362797847798,12190.622598001528,2813.220599538814,0.0,0.0,0.0,0.0,0.0,18.0,1557.142857142857,0.0,0.0,Moving
0.13028800000000018,3.910581,41062.8760898931,12971.263662041,12173.032052069246,13109.41913299765,2809.1612427852106,0.0,0.0,0.0,0.0,0.0,18.0,1554.6153846153845,0.0,0.0,Moving
0.13504899999999953,4.0478915,39674.488518982136,13476.589978452312,12647.26136439371,11743.885552651302,1806.7516234848156,0.0,0.0,0.0,0.0,0.0,18.0,1553.5714285714287,0.0,0.0,Moving
0.13004800000000039,4.180441,41138.65649606287,12995.201771653505,12195.497047244058,13133.61220472437,2814.3454724409366,0.0,0.0,0.0,0.0,0.0,18.384615384615383,1553.1538461538462,0.0,0.0,Moving
0.1300169999999996,4.3154164999999995,41209.99561595804,13998.169470146255,12198.404823984592,12198.404823984592,2815.0164978425983,0.0,0.0,0.0,0.0,0.0,18.0,1553.1538461538462,0.0,0.0,Moving
0.1198100000000002,4.4455670000000005,42517.31908855681,13020.615975294195,13237.626241549098,12219.347299891475,2036.5578833152458,2003.1716885067992,0.0,0.0,0.0,0.0,18.0,1553.8461538461538,0.0,0.0,Moving
0.13015499999999935,4.5705504999999995,41104.836541047414,12984.518458760773,12185.47116899088,13122.8151050671,2812.0318082286644,0.0,0.0,0.0,0.0,0.0,18.0,1556.1538461538462,0.0,0.0,Moving
0.13530100000000012,4.7081125,39600.594230641276,13451.48964161387,12623.705663668403,11722.012401977803,1803.3865233812003,0.0,0.0,0.0,0.0,0.0,18.0,1556.4285714285713,0.0,0.0,Moving
0.12445900000000076,4.8379935,46521.34437846973,13578.768911850406,11762.909873934315,12743.152363428842,2940.727468483579,0.0,5495.78576077259,0.0,0.0,0.0,18.0,1557.5,0.0,0.0,Moving
0.12991500000000045,4.9704695,41180.77204325891,13008.505561328517,13147.057691567517,12207.982142169838,2817.2266481930396,0.0,0.0,0.0,0.0,0.0,18.384615384615383,1557.142857142857,0.0,0.0,Moving
0.13499200000000044,5.102924,39691.24096242727,13482.28043143293,11748.84437596298,12652.601635652441,1807.51451937892,0.0,0.0,0.0,0.0,0.0,18.0,1553.076923076923,0.0,0.0,Moving
0.12994899999999987,5.2407495,41169.997460542254,13005.10200155447,13143.617880860966,12204.78803222804,2816.4895458987785,0.0,0.0,0.0,0.0,0.0,18.0,1556.4285714285713,0.0,0.0,Moving
0.1300119999999998,5.3707329999999995,41150.0476879058,12998.800110759028,12198.873950096933,13137.248869335159,2815.124757714677,0.0,0.0,0.0,0.0,0.0,18.0,1558.0,0.0,0.0,Moving
0.11978700000000053,5.5003665,42592.267942264,14108.375700201128,12221.693505973048,12221.693505973048,2036.9489176621746,2003.5563124545981,0.0,0.0,0.0,0.0,18.0,1557.5,0.0,0.0,Moving
0.13024099999999983,5.6306065,41077.694428021954,12975.944595020019,13114.149922067569,12177.42492763417,2810.174983300193,0.0,0.0,0.0,0.0,0.0,18.384615384615383,1555.7142857142858,0.0,0.0,Moving
0.1299640000000002,5.760712,41165.24576036435,13003.600997199206,12203.379397371562,13142.100889477068,2816.164476316514,0.0,0.0,0.0,0.0,0.0,18.0,1556.1538461538462,0.0,0.0,Moving
0.13519799999999993,5.898052,39630.76376869482,13461.73759966864,12633.32297815057,11730.94276542553,1804.7604254500816,0.0,0.0,0.0,0.0,0.0,18.071428571428573,1555.7142857142858,0.0,0.0,Moving
0.13008099999999967,6.030692500000001,41128.220109009104,12991.905043780447,12192.40319493242,13130.280363773374,2813.631506522866,0.0,0.0,0.0,0.0,0.0,18.307692307692307,1556.923076923077,0.0,0.0,Moving
0.129988,6.165348,41219.1894636428,14001.292426993261,12201.126257808413,12201.126257808413,2815.644521032711,0.0,0.0,0.0,0.0,0.0,18.0,1556.923076923077,0.0,0.0,Moving
0.13035499999999978,6.3007275,41041.77054965294,12964.596678301583,13102.681139963966,13102.681139963966,1871.8115914234238,0.0,0.0,0.0,0.0,0.0,18.0,1555.0,0.0,0.0,Moving
0.11539599999999961,6.428100000000001,44143.644493743435,13518.66615827243,12686.74824084028,12686.74824084028,3171.68706021007,2079.7947935803736,0.0,0.0,0.0,0.0,18.25,1556.6666666666667,0.0,0.0,Moving
0.1351330000000006,6.5580005,39649.826467258004,13468.212797762144,12639.399702515242,11736.585438049868,1805.6285289307489,0.0,0.0,0.0,0.0,0.0,18.142857142857142,1556.4285714285713,0.0,0.0,Moving
0.13027999999999995,6.690708000000001,41065.397605158134,12972.06017807799,12173.77955173473,13110.2241326374,2809.3337427080146,0.0,0.0,0.0,0.0,0.0,18.0,1556.1538461538462,0.0,0.0,Moving
0.1300479999999995,6.825517,41200.17224409465,13994.832677165408,12195.497047244142,12195.497047244142,2814.3454724409557,0.0,0.0,0.0,0.0,0.0,18.0,1558.4615384615386,0.0,0.0,Moving
0.13017599999999963,6.960732999999999,41098.20550639147,12982.42379547693,13120.698131760117,13120.698131760117,1874.3854473943024,0.0,0.0,0.0,0.0,0.0,18.384615384615383,1555.0,0.0,0.0,Moving
0.13477300000000003,7.0932095,39755.737425151914,13504.188524407704,11767.935714126714,11767.935714126714,2715.67747249078,0.0,0.0,0.0,0.0,0.0,18.0,1558.4615384615386,0.0,0.0,Moving
0.13004700000000025,7.2306325000000005,41138.9728328988,12995.30169861663,13133.713195998345,12195.590824855606,2814.3671134282167,0.0,0.0,0.0,0.0,0.0,18.0,1556.4285714285713,0.0,0.0,Moving
0.13014499999999973,7.3607295,41107.99492873342,12985.516155057847,12186.407468592748,13123.823427715268,2812.2478773675575,0.0,0.0,0.0,0.0,0.0,18.0,1556.923076923077,0.0,0.0,Moving
0.12005700000000008,7.4903315,42496.480838268464,14076.646926043453,12194.207751318116,12194.207751318116,2032.3679585530192,1999.0504510357566,0.0,0.0,0.0,0.0,18.0,1552.5833333333333,0.0,0.0,Moving
0.1300100000000004,7.620566,41150.680716867806,12999.00007691712,13137.45096531032,12199.061610645298,2815.1680639950687,0.0,0.0,0.0,0.0,0.0,18.0,1555.7142857142858,0.0,0.0,Moving
0.13477600000000045,7.75296,39754.85249599322,13503.887932569553,11767.67376981061,12672.879444411425,1810.4113492016322,0.0,0.0,0.0,0.0,0.0,18.357142857142858,1557.6923076923076,0.0,0.0,Moving
0.1300460000000001,7.890582,41139.289174599726,12995.401627116547,13133.814188825481,12195.684603909376,2814.3887547483178,0.0,0.0,0.0,0.0,0.0,18.0,1555.7142857142858,0.0,0.0,Moving
0.1299929999999998,8.0206025,41156.062249505805,13000.700037694358,12200.656958451627,13139.169032178675,2815.536221181145,0.0,0.0,0.0,0.0,0.0,18.0,1556.923076923077,0.0,0.0,Moving
0.13522000000000034,8.157985,39624.315929596116,13459.54740423011,12631.267563969795,11729.03416654338,1804.466794852828,0.0,0.0,0.0,0.0,0.0,18.0,1555.7142857142858,0.0,0.0,Moving
0.12999600000000022,8.290593999999999,41155.112464998856,13000.40001230805,12200.375396166015,13138.865811255708,2815.4712452690806,0.0,0.0,0.0,0.0,0.0,18.0,1553.076923076923,0.0,0.0,Moving
0.1200480000000006,8.420406,42433.02678928407,12994.802079168268,12195.121951219451,12195.121951219451,3048.780487804863,1999.2003198720413,0.0,0.0,0.0,0.0,18.416666666666668,1555.8333333333333,0.0,0.0,Moving
0.1352019999999996,8.548033,39629.591278235646,13461.339329299903,12632.9492167276,11730.595701247057,1804.7070309610858,0.0,0.0,0.0,0.0,0.0,18.0,1553.5714285714287,0.0,0.0,Moving
0.13026300000000113,8.6807665,41070.7568534423,12973.753099498594,12175.368293375604,13111.935085173727,2809.70037539437,0.0,0.0,0.0,0.0,0.0,18.0,1553.8461538461538,0.0,0.0,Moving
0.13021100000000096,8.8155645,41148.597276727465,13977.313744614406,12180.23054887827,12180.23054887827,2810.8224343565234,0.0,0.0,0.0,0.0,0.0,18.0,1558.4615384615386,0.0,0.0,Moving
0.12992000000000026,8.950712,41179.187192118145,13008.004926108348,13146.551724137906,13146.551724137906,1878.0788177339864,0.0,0.0,0.0,0.0,0.0,18.0,1557.142857142857,0.0,0.0,Moving
0.13002000000000002,9.085453999999999,41209.044762344245,13997.846485156128,12198.123365636055,12198.123365636055,2814.9515459160125,0.0,0.0,0.0,0.0,0.0,18.357142857142858,1555.3846153846155,0.0,0.0,Moving
0.13005199999999917,9.220685,41137.39119736747,12994.802079168416,13133.20825515956,12195.12195121959,2814.2589118199053,0.0,0.0,0.0,0.0,0.0,18.0,1557.857142857143,0.0,0.0,Moving
0.13470300000000002,9.353063500000001,39776.396962205734,13511.206134978433,11774.051060481206,12679.747295902836,1811.3924708432623,0.0,0.0,0.0,0.0,0.0,18.0,1556.1538461538462,0.0,0.0,Moving
0.1147620000000007,9.483061,44387.515031107585,13593.349715062395,12756.83588644317,12756.83588644317,3189.2089716107926,2091.2845715480607,0.0,0.0,0.0,0.0,18.416666666666668,1557.5,0.0,0.0,Moving
0.1300530000000002,9.6107105,41137.07488485458,12994.70215988864,13133.107271650768,13133.107271650768,1876.1581816643954,0.0,0.0,0.0,0.0,0.0,18.0,1557.4285714285713,0.0,0.0,Moving
0.1345869999999998,9.7431765,39810.68008054276,13522.851389807358,11784.199068260697,11784.199068260697,2719.430554214007,0.0,0.0,0.0,0.0,0.0,18.0,1555.3846153846155,0.0,0.0,Moving
0.12988799999999934,9.88074,41189.332347869145,13011.209657551188,13149.790588815045,12210.519832471115,2817.8122690317955,0.0,0.0,0.0,0.0,0.0,18.0,1555.0,0.0,0.0,Moving
0.130332000000001,10.010850999999999,41049.013289138195,12966.884571709073,12168.922444219284,13104.993401466922,2808.212871742912,0.0,0.0,0.0,0.0,0.0,18.384615384615383,1556.1538461538462,0.0,0.0,Moving
0.13516399999999962,10.148095,39640.73273948696,13465.123849545775,12636.50084341988,11733.893640318462,1805.21440620284,0.0,0.0,0.0,0.0,0.0,18.0,1556.4285714285713,0.0,0.0,Moving
0.13000399999999956,10.280695,41152.579920617965,12999.600012307357,12199.624626934597,13138.05729054495,2815.297990831061,0.0,0.0,0.0,0.0,0.0,18.0,1557.6923076923076,0.0,0.0,Moving
0.12922099999999936,10.415145500000001,40922.141138050516,13078.36961484595,12273.546869316968,12273.546869316968,2832.356969842377,464.32081472825854,0.0,0.0,0.0,0.0,18.384615384615383,1553.1538461538462,0.0,0.0,Moving
0.12523099999999943,10.5431135,41235.7962485329,13495.061127037297,12664.595826911926,11690.3961479187,1948.39935798645,1437.3437886785287,0.0,0.0,0.0,0.0,18.0,1557.6923076923076,0.0,0.0,Moving
0.12999600000000022,10.670729000000001,41155.112464998856,13000.40001230805,12200.375396166015,13138.865811255708,2815.4712452690806,0.0,0.0,0.0,0.0,0.0,18.0,1555.3846153846155,0.0,0.0,Moving
0.1354450000000007,10.8082545,39558.49237697938,13437.188526708189,12610.2846173723,11709.550001845706,1801.4692310531857,0.0,0.0,0.0,0.0,0.0,18.0,1555.0,0.0,0.0,Moving
0.12997499999999995,10.9409655,41161.76187728411,13002.500480861709,12202.346605116372,13140.988651663787,2815.92613964224,0.0,0.0,0.0,0.0,0.0,18.0,1557.6923076923076,0.0,0.0,Moving
0.1297840000000008,11.07583,41283.97953522751,14023.300252727524,12220.30450594827,12220.30450594827,2820.070270603447,0.0,0.0,0.0,0.0,0.0,18.357142857142858,1555.3846153846155,0.0,0.0,Moving
0.13002600000000086,11.211031,41145.61703043979,12997.400519895935,13135.834371587134,13135.834371587134,1876.5477673695905,0.0,0.0,0.0,0.0,0.0,18.0,1558.5714285714287,0.0,0.0,Moving
0.13454199999999972,11.343316,39823.99548096514,13527.374351503648,11788.140506310321,11788.140506310321,2720.3401168408436,0.0,0.0,0.0,0.0,0.0,18.0,1555.3846153846155,0.0,0.0,Moving
0.11491200000000035,11.473297,44329.57393483696,13575.605680868797,12740.183792815333,12740.183792815333,3185.045948203833,2088.5547201336612,0.0,0.0,0.0,0.0,18.25,1557.5,0.0,0.0,Moving
0.13000000000000078,11.601054999999999,41153.84615384591,12999.999999999922,13138.461538461459,13138.461538461459,1876.9230769230655,0.0,0.0,0.0,0.0,0.0,18.153846153846153,1555.0,0.0,0.0,Moving
0.13002799999999937,11.73583,41206.50936721342,13996.985264712284,12197.37287353499,12197.37287353499,2814.778355431152,0.0,0.0,0.0,0.0,0.0,18.0,1556.923076923077,0.0,0.0,Moving
0.12989400000000018,11.871126,41187.429750411815,13010.608650130089,13149.183180131475,12209.955810122083,2817.682110028173,0.0,0.0,0.0,0.0,0.0,18.384615384615383,1555.7142857142858,0.0,0.0,Moving
0.13452299999999973,12.0033365,39829.620213643844,13529.284954989138,11789.805460776248,12696.713573143652,1813.8162247348075,0.0,0.0,0.0,0.0,0.0,18.0,1557.6923076923076,0.0,0.0,Moving
0.13028000000000084,12.14103,41065.39760515786,12972.060178077902,13110.224132637311,12173.779551734648,2809.3337427079955,0.0,0.0,0.0,0.0,0.0,18.384615384615383,1558.5714285714287,0.0,0.0,Moving
0.12975600000000043,12.271049,41231.23400844649,13024.445883041975,12222.941521008623,13163.16779185544,2820.6788125404514,0.0,0.0,0.0,0.0,0.0,18.0,1558.4615384615386,0.0,0.0,Moving
0.13521300000000025,12.4082915,39626.36728716906,13460.244207287737,12631.92148683926,11729.641380636456,1804.5602124056086,0.0,0.0,0.0,0.0,0.0,18.0,1557.142857142857,0.0,0.0,Moving
0.12001900000000099,12.535909499999999,42443.2798140291,12997.941992517744,12198.068639132038,12198.068639132038,3049.5171597830094,1999.6833834642684,0.0,0.0,0.0,0.0,18.416666666666668,1553.3333333333333,0.0,0.0,Moving
0.13020999999999994,12.661024999999999,41087.47408033179,12979.03386836649,12180.32409185163,13117.27209891714,2810.84402119653,0.0,0.0,0.0,0.0,0.0,18.0,1556.1538461538462,0.0,0.0,Moving
0.13510899999999992,12.7983235,39656.86963858813,13470.605215048598,12641.64489412253,11738.670258828064,1805.949270588933,0.0,0.0,0.0,0.0,0.0,18.357142857142858,1555.7142857142858,0.0,0.0,Moving
0.1301079999999999,12.930933,41119.68518461589,12989.208964859974,12189.873028560898,13127.555569219428,2813.047621975592,0.0,0.0,0.0,0.0,0.0,18.0,1558.4615384615386,0.0,0.0,Moving
0.12998400000000032,13.065685,41220.45790251098,14001.723289020152,12201.50172328899,12201.50172328899,2815.731166912844,0.0,0.0,0.0,0.0,0.0,18.0,1556.1538461538462,0.0,0.0,Moving
0.1300460000000001,13.201122,41139.289174599726,12995.401627116547,13133.814188825481,13133.814188825481,1876.2591698322117,0.0,0.0,0.0,0.0,0.0,18.384615384615383,1557.857142857143,0.0,0.0,Moving
0.12537400000000076,13.333556,46181.82398264365,13479.66883085799,12650.150748959037,11677.062229808342,2919.2655574520854,0.0,5455.676615566193,0.0,0.0,0.0,18.0,1558.4615384615386,0.0,0.0,Moving
0.119923,13.4562055,42477.25623942029,13008.347022672882,12207.833359739167,13225.152806384096,2034.638893289861,2001.2841573342894,0.0,0.0,0.0,0.0,18.0,1555.8333333333333,0.0,0.0,Moving
0.13001299999999993,13.585946499999999,41211.26348903573,13998.600139986009,12198.780121987807,12198.780121987807,2815.1031050741094,0.0,0.0,0.0,0.0,0.0,18.0,1554.6923076923076,0.0,0.0,Moving
0.13004300000000057,13.7212415,41140.23822889334,12995.701421837335,13134.117176626134,12195.965949724268,2814.4536807056,0.0,0.0,0.0,0.0,0.0,18.384615384615383,1556.4285714285713,0.0,0.0,Moving
0.13468500000000105,13.8536065,39781.712885621695,13513.011842447086,11775.624605561032,12681.44188291188,1811.6345547016972,0.0,0.0,0.0,0.0,0.0,18.0,1555.3846153846155,0.0,0.0,Moving
0.12978500000000004,13.991076499999998,41222.02103478829,13021.535616596675,13160.22652848942,12220.210347883034,2820.0485418191615,0.0,0.0,0.0,0.0,0.0,18.0,1555.7142857142858,0.0,0.0,Moving
0.13032299999999886,14.1211315,41051.848100489144,12967.780054173207,12169.76282007024,13105.898421614105,2808.406804631594,0.0,0.0,0.0,0.0,0.0,18.23076923076923,1555.3846153846155,0.0,0.0,Moving
0.13525499999999901,14.2585805,39614.06232671649,13456.064470814486,12627.99896491821,11725.999038852624,1803.9998521311727,0.0,0.0,0.0,0.0,0.0,18.142857142857142,1555.7142857142858,0.0,0.0,Moving
0.13000399999999956,14.391212,41152.579920617965,12999.600012307357,12199.624626934597,13138.05729054495,2815.297990831061,0.0,0.0,0.0,0.0,0.0,18.0,1556.923076923077,0.0,0.0,Moving
0.11523100000000142,14.5185905,44206.854058369165,13538.02362211541,12704.914476139078,12704.914476139078,3176.2286190347695,2082.7728649408323,0.0,0.0,0.0,0.0,18.166666666666668,1556.6666666666667,0.0,0.0,Moving
0.13550299999999993,14.6484795,39541.55996546204,13431.436942355527,12604.886976672109,11704.537906909816,1800.698139524587,0.0,0.0,0.0,0.0,0.0,18.214285714285715,1555.7857142857142,0.0,0.0,Moving
0.13001099999999965,14.7812385,41150.36419995242,12998.900093069082,12198.967779649447,13137.349916545558,2815.146410688334,0.0,0.0,0.0,0.0,0.0,18.0,1557.6923076923076,0.0,0.0,Moving
0.13004500000000085,14.9160295,41201.12268829993,13995.15552308807,12195.778384405317,12195.778384405317,2814.4103964012274,0.0,0.0,0.0,0.0,0.0,18.0,1556.1538461538462,0.0,0.0,Moving
0.12993699999999997,15.0512205,41173.79961058052,13006.303054557211,13144.831726144212,13144.831726144212,1877.8331037348873,0.0,0.0,0.0,0.0,0.0,18.384615384615383,1554.2857142857142,0.0,0.0,Moving
0.13004200000000132,15.186005999999999,41202.07317635799,13995.478383906595,12196.059734547176,12196.059734547176,2814.4753233570405,0.0,0.0,0.0,0.0,0.0,18.0,1557.6923076923076,0.0,0.0,Moving
0.130096,15.321309,41123.478046980694,12990.40708399951,13128.76644939122,12190.997417291846,2813.3070962981187,0.0,0.0,0.0,0.0,0.0,18.0,1557.142857142857,0.0,0.0,Moving
0.11992799999999981,15.446321999999999,42475.48529117477,13007.804682809707,12207.324394636802,13224.601427523201,2034.5540657728002,2001.2007204322624,0.0,0.0,0.0,0.0,18.416666666666668,1556.6666666666667,0.0,0.0,Moving
0.13001299999999993,15.5760535,41211.26348903573,13998.600139986009,12198.780121987807,12198.780121987807,2815.1031050741094,0.0,0.0,0.0,0.0,0.0,18.0,1556.1538461538462,0.0,0.0,Moving
0.1300340000000002,15.711279999999999,41143.08565452106,12996.600888998242,13135.026223910649,13135.026223910649,1876.4323177015212,0.0,0.0,0.0,0.0,0.0,18.0,1555.0714285714287,0.0,0.0,Moving
0.13477400000000017,15.843685,39755.44244438833,13504.088325641427,11767.848398058957,11767.848398058957,2715.65732262899,0.0,0.0,0.0,0.0,0.0,18.071428571428573,1557.0,0.0,0.0,Moving
0.12991799999999998,15.981346,41179.821117935935,13008.205175572286,13146.75410643637,12207.700241690914,2817.161594236365,0.0,0.0,0.0,0.0,0.0,18.307692307692307,1555.7142857142858,0.0,0.0,Moving
0.12994299999999726,16.1112775,41171.89844778182,13005.702500327341,12205.351577230274,13144.224775478757,2816.619594745448,0.0,0.0,0.0,0.0,0.0,18.0,1556.923076923077,0.0,0.0,Moving
0.13552999999999926,16.248647,39533.68257950291,13428.761159890872,12602.375857743742,11702.206153619189,1800.3394082491059,0.0,0.0,0.0,0.0,0.0,18.357142857142858,1555.7142857142858,0.0,0.0,Moving
0.12992699999999857,16.3813775,41176.96860544813,13007.30410153408,12206.854618362753,13145.843435159888,2816.9664503914046,0.0,0.0,0.0,0.0,0.0,18.0,1556.1538461538462,0.0,0.0,Moving
0.11967899999999787,16.5110095,42630.70379933063,14121.107295348642,12232.722532775391,12232.722532775391,2038.7870887958986,2005.36434963531,0.0,0.0,0.0,0.0,18.0,1555.8333333333333,0.0,0.0,Moving
0.13035800000000108,16.641254,41040.82603292437,12964.298316942466,13102.379600791557,12166.49534359216,2807.6527715981906,0.0,0.0,0.0,0.0,0.0,18.0,1557.142857142857,0.0,0.0,Moving
0.12990899999999783,16.7713885,41182.674025664805,13009.10637446234,12208.545982187736,13147.664903894483,2817.3567651202466,0.0,0.0,0.0,0.0,0.0,18.384615384615383,1555.3846153846155,0.0,0.0,Moving
0.13520400000000166,16.90876,39629.00505902144,13461.14020295241,12632.762344309185,11730.422176858528,1804.680334901312,0.0,0.0,0.0,0.0,0.0,18.0,1555.0,0.0,0.0,Moving
0.1297770000000007,17.0412515,41224.562133505715,13022.338318808348,12220.963653035526,13161.037780192106,2820.222381469737,0.0,0.0,0.0,0.0,0.0,18.0,1555.3846153846155,0.0,0.0,Moving
0.13025100000000123,17.1760135,41135.96056844055,13973.021320373608,12176.490007754144,12176.490007754144,2809.9592325586486,0.0,0.0,0.0,0.0,0.0,18.357142857142858,1558.4615384615386,0.0,0.0,Moving
0.13014399999999782,17.31134,41108.31079419789,12985.615933120454,13123.924268502802,13123.924268502802,1874.8463240718288,0.0,0.0,0.0,0.0,0.0,18.0,1557.857142857143,0.0,0.0,Moving
0.1200720000000004,17.436449,42424.545272836156,12992.20467719364,12192.684389366339,12192.684389366339,3048.1710973415848,1998.8007195682524,0.0,0.0,0.0,0.0,18.0,1556.6666666666667,0.0,0.0,Moving
0.1298710000000014,17.5660865,41256.32358263155,14013.906106828934,12212.11817880807,12212.11817880807,2818.1811181864778,0.0,0.0,0.0,0.0,0.0,18.357142857142858,1557.6923076923076,0.0,0.0,Moving
0.1301950000000005,17.7013365,41092.20784208287,12980.529206190664,13118.783363416363,13118.783363416363,1874.1119090594805,0.0,0.0,0.0,0.0,0.0,18.0,1559.2857142857142,0.0,0.0,Moving
0.13000900000000115,17.8361735,41212.531440130704,13999.030836326592,12199.1554430846,12199.1554430846,2815.189717634908,0.0,0.0,0.0,0.0,0.0,18.357142857142858,1556.923076923077,0.0,0.0,Moving
0.1300050000000006,17.9714155,41152.26337448541,12999.50001922997,13137.956232452538,12199.530787277357,2815.276335525544,0.0,0.0,0.0,0.0,0.0,18.0,1556.4285714285713,0.0,0.0,Moving
0.13477200000000167,18.103805,39756.03241029245,13504.288724660742,11768.023031490075,12673.255572373926,1810.4650817677039,0.0,0.0,0.0,0.0,0.0,18.0,1555.3846153846155,0.0,0.0,Moving
0.13000600000000162,18.241436,41151.946833222566,12999.400027690868,13137.855175914794,12199.436949063738,2815.25468055317,0.0,0.0,0.0,0.0,0.0,18.384615384615383,1556.4285714285713,0.0,0.0,Moving
0.129996000000002,18.371437999999998,41155.11246499829,13000.400012307871,12200.375396165848,13138.86581125553,2815.471245269042,0.0,0.0,0.0,0.0,0.0,18.0,1556.923076923077,0.0,0.0,Moving
0.12003100000000089,18.501223500000002,42505.686031108315,14079.696078512947,12196.849147303523,12196.849147303523,2032.8081912172538,1999.4834667710693,0.0,0.0,0.0,0.0,18.076923076923077,1556.6666666666667,0.0,0.0,Moving
0.12991399999999942,18.631474,41181.08902812648,13008.605692996964,13147.158889727109,12208.076111889459,2817.248333512952,0.0,0.0,0.0,0.0,0.0,18.307692307692307,1557.142857142857,0.0,0.0,Moving
0.13003599999999693,18.76145,41142.45285920919,12996.40099664739,12196.62247377678,13134.82420252884,2814.60518625618,0.0,0.0,0.0,0.0,0.0,18.0,1555.4615384615386,0.0,0.0,Moving
0.13523500000000155,18.8988555,39619.92087847036,13458.054497726027,12629.866528635193,11727.733205161252,1804.2666469478847,0.0,0.0,0.0,0.0,0.0,18.071428571428573,1557.142857142857,0.0,0.0,Moving
0.12976899999999958,19.031360499999998,41227.10354553104,13023.141119990178,12221.717051067706,13161.849131919069,2820.396242554086,0.0,0.0,0.0,0.0,0.0,18.307692307692307,1556.923076923077,0.0,0.0,Moving
0.13014300000000034,19.166217500000002,41170.09750812557,13984.616921386438,12186.59474577961,12186.59474577961,2812.29109517991,0.0,0.0,0.0,0.0,0.0,18.0,1557.6923076923076,0.0,0.0,Moving
0.1303699999999992,19.301499,41037.048400705935,12963.105008821127,13101.173582879577,13101.173582879577,1871.5962261256539,0.0,0.0,0.0,0.0,0.0,18.384615384615383,1557.142857142857,0.0,0.0,Moving
0.11812099999999859,19.4303175,43125.26985040815,13206.796420619692,12394.070487043096,12394.070487043096,3098.517621760774,2031.814833941491,0.0,0.0,0.0,0.0,18.0,1555.0,0.0,0.0,Moving
0.13492899999999963,19.5587905,39709.773288173885,13488.57547302659,12658.50929007111,11754.33005506603,1808.3584700101585,0.0,0.0,0.0,0.0,0.0,18.0,1558.5714285714287,0.0,0.0,Moving
0.13025799999999776,19.691385,41072.33336916037,12974.251101660006,12175.835649250159,13112.43839150017,2809.8082267500367,0.0,0.0,0.0,0.0,0.0,18.384615384615383,1557.6923076923076,0.0,0.0,Moving
0.1299759999999992,19.826289,41222.99501446446,14002.585092632571,12202.252723579813,12202.252723579813,2815.9044746722643,0.0,0.0,0.0,0.0,0.0,18.0,1559.2307692307693,0.0,0.0,Moving
0.13010700000000242,19.9615735,41120.001229756286,12989.308799680022,13127.65646736892,13127.65646736892,1875.3794953384174,0.0,0.0,0.0,0.0,0.0,18.384615384615383,1556.4285714285713,0.0,0.0,Moving
0.13454300000000075,20.0938995,39823.69948640933,13527.273808373457,11788.052890154011,11788.052890154011,2720.319897727849,0.0,0.0,0.0,0.0,0.0,18.071428571428573,1555.3846153846155,0.0,0.0,Moving
0.1300990000000013,20.2315005,41122.52976579333,12990.107533493594,13128.463708406543,12190.71630066322,2813.2422232299737,0.0,0.0,0.0,0.0,0.0,18.307692307692307,1556.4285714285713,0.0,0.0,Moving
0.12000699999999753,20.3565545,48647.16224886982,12999.241710900465,12199.288374845051,13215.895739415473,2033.2147291408419,0.0,0.0,8199.521694567986,0.0,0.0,18.0,1556.6666666666667,0.0,0.0,Moving
0.11525800000000075,20.478937000000002,44196.498290790805,13534.852244529577,12701.938260250832,12701.938260250832,3175.484565062708,2082.284960696858,0.0,0.0,0.0,0.0,18.416666666666668,1557.5,0.0,0.0,Moving
0.13524299999999911,20.608942499999998,39617.577249839436,13457.258416332172,12629.119436865576,11727.039477089464,1804.1599195522253,0.0,0.0,0.0,0.0,0.0,18.0,1556.4285714285713,0.0,0.0,Moving
0.12000799999999856,20.736569,42963.80241317297,12999.133391107416,12199.18672088542,13215.78561429254,3049.796680221355,999.9333377774935,0.0,0.0,0.0,499.96666888874677,18.333333333333332,1554.1666666666667,0.0,0.0,Moving
0.1298529999999971,20.8662615,41262.04246340184,14015.84869044258,12213.811001671393,12213.811001671393,2818.571769616475,0.0,0.0,0.0,0.0,0.0,18.071428571428573,1555.3846153846155,0.0,0.0,Moving
0.13000999999999863,21.001593,41150.680716868366,12999.000076917298,13137.4509653105,13137.4509653105,1876.7787093300713,0.0,0.0,0.0,0.0,0.0,18.384615384615383,1556.4285714285713,0.0,0.0,Moving
0.13000999999999863,21.136354,41212.21444504312,13998.923159757089,12199.061610645464,12199.061610645464,2815.168063995107,0.0,0.0,0.0,0.0,0.0,18.0,1554.0,0.0,0.0,Moving
0.12457600000000113,21.268974999999998,42447.98356023594,13566.01592602094,12731.184176727344,12731.184176727344,2937.9655792447716,0.0,0.0,0.0,0.0,481.63370151553636,18.384615384615383,1557.6923076923076,0.0,0.0,Moving
0.11999800000000249,21.396618,48650.810846846434,13000.216670277568,13216.886948115527,12200.203336722025,2033.3672227870043,0.0,0.0,8200.136668944313,0.0,0.0,18.0,1556.923076923077,0.0,0.0,Moving
0.12001400000000118,21.516624999999998,42445.04807772385,12998.483510257009,12198.576832702733,13215.124902094627,2033.0961387837885,1999.7666938856937,0.0,0.0,0.0,0.0,18.416666666666668,1557.5,0.0,0.0,Moving
0.1347619999999985,21.644014,39758.98250248631,13505.290808981912,11768.896276398522,11768.896276398522,2715.8991407073513,0.0,0.0,0.0,0.0,0.0,18.071428571428573,1556.1538461538462,0.0,0.0,Moving
0.12465700000000268,21.779058499999998,42420.401581939936,13557.200959432392,12722.911669621168,12722.911669621168,2936.0565391433465,0.0,0.0,0.0,0.0,481.32074412186006,18.307692307692307,1555.3846153846155,0.0,0.0,Moving
0.12989599999999868,21.911465999999997,41186.79559031883,13010.408326661462,13148.980723040104,13148.980723040104,1878.4258175771577,0.0,0.0,0.0,0.0,0.0,18.153846153846153,1555.0,0.0,0.0,Moving
0.13457000000000008,22.043885000000003,39815.709296277004,13524.559708701783,11785.687746154412,11785.687746154412,2719.7740952664026,0.0,0.0,0.0,0.0,0.0,18.214285714285715,1561.3846153846155,0.0,0.0,Moving
0.10024899999999803,22.1665055,49237.39887679774,12967.710401101513,13386.667198675561,13386.667198675561,2433.9394906682837,0.0,0.0,3192.0517910403723,0.0,3870.3627966364515,18.1,1557.2727272727273,0.0,0.0,Moving
0.12516300000000058,22.2839845,42248.907424717974,13502.392879684829,12671.476394781146,12671.476394781146,2924.186860334111,0.0,0.0,0.0,0.0,479.3748951367395,18.307692307692307,1556.1538461538462,0.0,0.0,Moving
0.1301869999999994,22.4163755,41156.18302902767,13979.890465253893,12182.475976864107,12182.475976864107,2811.340610045563,0.0,0.0,0.0,0.0,0.0,18.0,1558.4615384615386,0.0,0.0,Moving
0.11219900000000038,22.542832500000003,44652.80439219586,12745.21163290221,13048.244636761425,13048.244636761425,2174.7074394602373,2139.0564978297416,0.0,0.0,0.0,1497.339548480819,18.0,1555.8333333333333,0.0,0.0,Moving
0.12775800000000004,22.662812,40968.08027677326,13228.134441678794,12414.095399113947,12414.095399113947,1909.8608306329147,0.0,0.0,0.0,0.0,1001.8942062336603,18.384615384615383,1557.6923076923076,0.0,0.0,Moving
0.1300050000000006,22.791695500000003,40675.35864005212,12999.50001922997,12199.530787277357,12199.530787277357,2815.276335525544,0.0,0.0,0.0,0.0,461.52071074189246,18.384615384615383,1557.6923076923076,0.0,0.0,Moving
0.12532299999999807,22.924124499999998,42450.308403087074,13485.154361131044,12655.298708138365,12655.298708138365,2920.4535480319305,0.0,0.0,0.0,0.0,734.1030776473705,18.0,1556.923076923077,0.0,0.0,Moving
0.134999999999998,23.058958,39688.88888888947,13481.48148148168,12651.851851852038,11748.14814814832,1807.407407407434,0.0,0.0,0.0,0.0,0.0,18.357142857142858,1555.0,0.0,0.0,Moving
0.12018699999999782,23.186552499999998,43049.58106950081,12979.773186784163,12181.017913751291,12181.017913751291,3045.254478437823,0.0,0.0,2662.5175767762385,0.0,0.0,18.0,1557.5,0.0,0.0,Moving
0.1301640000000006,23.311729,40625.6722288803,12983.620663163332,12184.62862235328,13121.907747149688,1874.5582495928124,0.0,0.0,0.0,0.0,460.9569466211834,18.384615384615383,1556.923076923077,0.0,0.0,Moving
0.11453500000000005,23.434079500000003,49888.68031606057,13620.290740821576,11716.942419347792,11716.942419347792,3195.529750731216,1047.7146723708904,0.0,8591.260313441302,0.0,0.0,18.0,1557.2727272727273,0.0,0.0,Moving
0.12992700000000212,23.5563115,40222.58652935814,13007.304101533726,12206.85461836242,12206.85461836242,1877.9776335942183,923.5955575053533,0.0,0.0,0.0,0.0,18.384615384615383,1556.1538461538462,0.0,0.0,Moving
0.12484500000000054,23.6888905,42612.83992150248,13536.785614161501,12703.752653290025,12703.752653290025,2931.6352276823136,0.0,0.0,0.0,0.0,736.9137730786143,18.384615384615383,1557.6923076923076,0.0,0.0,Moving
0.12479199999999935,23.819149,42374.51118661475,13542.534777870447,12709.14802230919,12709.14802230919,2932.880312840582,0.0,0.0,0.0,0.0,480.80005128534134,18.0,1556.1538461538462,0.0,0.0,Moving
0.13013799999999875,23.951821000000002,41110.20608892138,12986.214633696662,13124.529345771538,13124.529345771538,1874.932763681648,0.0,0.0,0.0,0.0,0.0,18.384615384615383,1556.4285714285713,0.0,0.0,Moving
0.12978500000000182,24.0864475,41283.66144007339,14023.192202488535,12220.210347882867,12220.210347882867,2820.048541819123,0.0,0.0,0.0,0.0,0.0,18.0,1557.6923076923076,0.0,0.0,Moving
0.13000399999999956,24.221767,41152.579920617965,12999.600012307357,13138.05729054495,12199.624626934597,2815.297990831061,0.0,0.0,0.0,0.0,0.0,18.384615384615383,1554.2857142857142,0.0,0.0,Moving
0.13013499999999922,24.351837500000002,40634.72547738911,12986.514004687517,12187.343912091363,13124.83190532916,1874.9759864755943,0.0,0.0,0.0,0.0,461.059668805474,18.076923076923077,1556.1538461538462,0.0,0.0,Moving
0.11520499999999956,24.479195500000003,44216.83086671602,13541.078946226344,12707.781780304724,12707.781780304724,3176.945445076181,2083.242914804053,0.0,0.0,0.0,0.0,18.333333333333332,1556.6666666666667,0.0,0.0,Moving
0.13531300000000002,24.6091725,39597.08232025008,13450.296719457849,12622.586152106596,11720.972855527552,1803.226593158085,0.0,0.0,0.0,0.0,0.0,18.357142857142858,1558.5714285714287,0.0,0.0,Moving
0.13006100000000131,24.7418615,41134.544559859954,12993.902860965109,12194.278069521102,13132.299459484264,2814.064169889485,0.0,0.0,0.0,0.0,0.0,18.0,1555.3846153846155,0.0,0.0,Moving
0.12525499999999923,24.874191500000002,42217.87553391108,13492.4753502855,12662.169174883316,12662.169174883316,2922.0390403576885,0.0,0.0,0.0,0.0,479.02279350126037,18.23076923076923,1557.6923076923076,0.0,0.0,Moving
0.13525999999999883,25.009199000000002,39612.59795948578,13455.567056040336,12627.532160284007,11725.565577406578,1803.9331657548582,0.0,0.0,0.0,0.0,0.0,18.142857142857142,1557.142857142857,0.0,0.0,Moving
0.13007999999999953,25.14187,41128.536285363,12992.004920049247,12192.496924969293,13130.381303813085,2813.6531365313754,0.0,0.0,0.0,0.0,0.0,18.384615384615383,1553.8461538461538,0.0,0.0,Moving
0.12790800000000146,25.275568999999997,41342.21471682725,13212.621571754547,12399.537167338884,12399.537167338884,2861.4316540012805,0.0,0.0,0.0,0.0,469.08715639365255,18.0,1557.6923076923076,0.0,0.0,Moving
0.1352220000000024,25.409227,39623.72986644115,13459.348330892664,12631.080741299269,11728.860688349321,1804.4401058998956,0.0,0.0,0.0,0.0,0.0,18.0,1555.0714285714287,0.0,0.0,Moving
0.12009800000000226,25.536887999999998,42415.36078868844,12989.391996535918,12190.044796749093,12190.044796749093,3047.511199187273,1998.3679994670642,0.0,0.0,0.0,0.0,18.416666666666668,1556.6666666666667,0.0,0.0,Moving
0.12991399999999942,25.661895,41181.08902812648,13008.605692996964,12208.076111889459,13147.158889727109,2817.248333512952,0.0,0.0,0.0,0.0,0.0,18.0,1553.076923076923,0.0,0.0,Moving
0.13012000000000157,25.796559000000002,40700.891484782784,13987.088841069613,12188.748847217807,12188.748847217807,1875.192130341201,0.0,0.0,0.0,0.0,461.1128189363609,18.357142857142858,1555.4615384615386,0.0,0.0,Moving
0.13003600000000048,25.931942999999997,41142.45285920807,12996.400996647033,13134.824202528482,12196.622473776448,2814.605186256103,0.0,0.0,0.0,0.0,0.0,18.0,1557.142857142857,0.0,0.0,Moving
0.12989499999999765,26.0619105,41187.112667924834,13010.508487624855,12209.861811463326,13149.081950806658,2817.6604180299983,0.0,0.0,0.0,0.0,0.0,18.384615384615383,1553.8461538461538,0.0,0.0,Moving
0.13557499999999933,26.199158500000003,39520.5605753275,13424.303890835397,12598.192882168603,11698.321962013702,1799.7418403098004,0.0,0.0,0.0,0.0,0.0,18.0,1557.142857142857,0.0,0.0,Moving
0.13003499999999946,26.3319655,40665.97454531489,12996.500942054117,12196.71626869694,12196.71626869694,2814.6268312377556,0.0,0.0,0.0,0.0,461.41423462914025,18.307692307692307,1553.1538461538462,0.0,0.0,Moving
0.12002700000000033,26.4569975,42440.45089854771,12997.07565797692,12197.255617486033,13213.693585609868,2032.8759362476721,1999.5501012272184,0.0,0.0,0.0,0.0,18.083333333333332,1554.1666666666667,0.0,0.0,Moving
0.1297460000000008,26.586531,41296.07078445553,14027.407395989,12223.883587933271,12223.883587933271,2820.8962125999856,0.0,0.0,0.0,0.0,0.0,18.0,1556.923076923077,0.0,0.0,Moving
0.1304400000000001,26.721854,41015.026065624006,12956.148420729827,13094.142900950617,12158.846979454145,2805.887764489418,0.0,0.0,0.0,0.0,0.0,18.384615384615383,1555.0,0.0,0.0,Moving
0.12984499999999954,26.8519985,40725.48038045376,13015.518502830344,12214.563518040784,13154.145327120845,1879.1636181601207,0.0,0.0,0.0,0.0,462.08941430166897,18.076923076923077,1559.2307692307693,0.0,0.0,Moving
0.1300130000000017,26.9866805,41211.26348903517,13998.600139985818,12198.78012198764,12198.78012198764,2815.1031050740708,0.0,0.0,0.0,0.0,0.0,18.285714285714285,1556.1538461538462,0.0,0.0,Moving
0.13002499999999984,27.1219495,41145.93347433191,12997.50048067681,13135.935397039048,12197.654297250545,2814.84329936551,0.0,0.0,0.0,0.0,0.0,18.0,1558.5714285714287,0.0,0.0,Moving
0.13473899999999972,27.254332499999997,39765.76937634991,13507.59616740516,11770.905231595925,12676.359480180226,1810.9084971686038,0.0,0.0,0.0,0.0,0.0,18.357142857142858,1555.3846153846155,0.0,0.0,Moving
0.11000299999999896,27.3819625,52434.93359272069,12999.645464214735,13308.727943783477,13308.727943783477,3327.181985945869,0.0,0.0,8945.210585165943,0.0,545.4396698271917,18.272727272727273,1556.6666666666667,0.0,0.0,Moving
0.12002899999999883,27.5017285,42506.39428804747,14079.930683418312,12197.052379008524,12197.052379008524,2032.8420631680874,1999.5167834440206,0.0,0.0,0.0,0.0,18.153846153846153,1555.8333333333333,0.0,0.0,Moving
0.12997299999999967,27.6319905,41162.39526670934,13002.700560885754,13141.190862717674,12202.534372523554,2815.969470582359,0.0,0.0,0.0,0.0,0.0,18.0,1558.5714285714287,0.0,0.0,Moving
0.13001099999999965,27.761984499999997,41150.36419995242,12998.900093069082,12198.967779649447,13137.349916545558,2815.146410688334,0.0,0.0,0.0,0.0,0.0,18.384615384615383,1555.3846153846155,0.0,0.0,Moving
0.1300290000000004,27.8967305,40729.37575463922,13996.87761960789,12197.279068515449,12197.279068515449,1876.5044720792996,0.0,0.0,0.0,0.0,461.4355259211393,18.071428571428573,1556.923076923077,0.0,0.0,Moving
0.1298649999999988,28.0320665,41196.627266777425,13013.514033804457,13152.119508720718,12212.682400954951,2818.3113232972964,0.0,0.0,0.0,0.0,0.0,18.307692307692307,1555.7142857142858,0.0,0.0,Moving
0.13000599999999807,28.162003,41151.946833223694,12999.400027691223,12199.436949064071,13137.855175915152,2815.254680553247,0.0,0.0,0.0,0.0,0.0,18.0,1554.6153846153845,0.0,0.0,Moving
0.13333700000000093,28.2984195,39718.90773003715,13649.624635322434,11894.672896495264,11894.672896495264,1829.9496763838868,0.0,0.0,0.0,0.0,449.9876253403,18.357142857142858,1552.3076923076924,0.0,0.0,Moving
0.12708900000000156,28.430640500000003,41608.63646735701,13297.767706095565,12479.443539566608,12479.443539566608,2879.8715860538323,472.11009607439877,0.0,0.0,0.0,0.0,18.0,1556.1538461538462,0.0,0.0,Moving
0.12194900000000075,28.5558655,42279.96949544456,12792.23281863722,13005.43669894784,13005.43669894784,2000.8364152227448,1476.02686368891,0.0,0.0,0.0,0.0,18.416666666666668,1557.0,0.0,0.0,Moving
0.13035400000000053,28.686695999999998,41103.45674087468,13961.98045322731,12166.868680669513,12166.868680669513,2807.738926308349,0.0,0.0,0.0,0.0,0.0,18.0,1556.923076923077,0.0,0.0,Moving
0.12466799999999978,28.819455,42416.65864536216,13556.004748612339,12721.789071774656,12721.789071774656,2935.797478101844,0.0,0.0,0.0,0.0,481.2782750986629,18.0,1555.3846153846155,0.0,0.0,Moving
0.13000599999999807,28.952042,41151.946833223694,12999.400027691223,13137.855175915152,13137.855175915152,1876.8364537021648,0.0,0.0,0.0,0.0,0.0,18.384615384615383,1555.7142857142858,0.0,0.0,Moving
0.12976999999999705,29.086683999999998,41288.433382138566,14024.81313092426,12221.622871233998,12221.622871233998,2820.3745087463076,0.0,0.0,0.0,0.0,0.0,18.0,1554.6153846153845,0.0,0.0,Moving
0.13020300000000162,29.2219655,41089.683033416535,12979.731649808215,13117.977312350551,12180.97893289694,2810.9951383608322,0.0,0.0,0.0,0.0,0.0,18.23076923076923,1555.0,0.0,0.0,Moving
0.12996200000000258,29.35205,40688.816731043655,13003.801111093755,12203.567196564907,13142.303134762209,1877.4718763946012,0.0,0.0,0.0,0.0,461.6734122281806,18.153846153846153,1554.6153846153845,0.0,0.0,Moving
0.11521299999999712,29.4794865,44213.760599933405,13540.138699626248,12706.899395033864,12706.899395033864,3176.724848758466,2083.0982614809614,0.0,0.0,0.0,0.0,18.0,1555.0,0.0,0.0,Moving
0.13504800000000117,29.609349,39674.78229962646,13476.689769563298,12647.355014513249,11743.972513476589,1806.7650020733213,0.0,0.0,0.0,0.0,0.0,18.142857142857142,1557.142857142857,0.0,0.0,Moving
0.1302260000000004,29.741986,41082.42593644882,12977.439221046448,12178.827576674359,13115.660467187772,2810.498671540237,0.0,0.0,0.0,0.0,0.0,18.23076923076923,1555.3846153846155,0.0,0.0,Moving
0.1252539999999982,29.874474,42218.21259201364,13492.583071199517,12662.270266818008,12662.270266818008,2922.062369265694,0.0,0.0,0.0,0.0,479.0266179124089,18.23076923076923,1554.6153846153845,0.0,0.0,Moving
0.13525000000000276,30.009475000000002,39615.526802217304,13456.561922365714,12628.465804066285,11726.432532347266,1804.0665434380408,0.0,0.0,0.0,0.0,0.0,18.142857142857142,1556.4285714285713,0.0,0.0,Moving
0.13000600000000162,30.142104,41151.946833222566,12999.400027690868,12199.436949063738,13137.855175914794,2815.25468055317,0.0,0.0,0.0,0.0,0.0,18.0,1556.1538461538462,0.0,0.0,Moving
0.1299430000000008,30.2768845,41233.46390340354,14006.141154198292,12205.35157722994,12205.35157722994,2816.6195947453707,0.0,0.0,0.0,0.0,0.0,18.357142857142858,1556.1538461538462,0.0,0.0,Moving
0.1299279999999996,30.412178,40699.46431869971,13007.20398990214,13145.74225725021,12206.760667446624,1877.9631796071728,0.0,0.0,0.0,0.0,461.79422449356707,18.0,1557.142857142857,0.0,0.0,Moving
0.11998799999999932,30.537138,42454.24542454269,13001.300130013075,12201.220122012272,12201.220122012272,3050.305030503068,2000.2000200020116,0.0,0.0,0.0,0.0,18.416666666666668,1555.3333333333333,0.0,0.0,Moving
0.1300150000000002,30.6621405,41149.098180979054,12998.500173056933,12198.592470099584,13136.94573703032,2815.0598007922117,0.0,0.0,0.0,0.0,0.0,18.0,1553.8461538461538,0.0,0.0,Moving
0.13545099999999977,30.7994355,39556.74007574702,13436.593306804698,12609.726026385948,11709.031310215523,1801.3894323408497,0.0,0.0,0.0,0.0,0.0,18.0,1557.142857142857,0.0,0.0,Moving
0.13000599999999807,30.932166000000002,40675.045767119045,12999.400027691223,12199.436949064071,12199.436949064071,2815.254680553247,0.0,0.0,0.0,0.0,461.51716074643394,18.0,1554.6153846153845,0.0,0.0,Moving
0.13001799999999974,31.06218,41148.14871786992,12998.20024919629,12198.311003091903,13136.642618714357,2814.9948468673624,0.0,0.0,0.0,0.0,0.0,18.384615384615383,1554.6153846153845,0.0,0.0,Moving
0.1355240000000002,31.199471000000003,39535.43283846398,13429.355686077723,12602.933797703708,11702.724240724872,1800.4191139576728,0.0,0.0,0.0,0.0,0.0,18.0,1556.4285714285713,0.0,0.0,Moving
0.12994600000000034,31.332208,40693.82666646135,13005.402244009016,12205.069798223845,12205.069798223845,2816.5545688208877,0.0,0.0,0.0,0.0,461.73025718375203,18.0,1558.4615384615386,0.0,0.0,Moving
0.12012799999999757,31.457245999999998,42404.76824720384,12986.148108684332,12187.000532765298,13202.583910495738,2031.1667554608828,1997.8689397975897,0.0,0.0,0.0,0.0,18.416666666666668,1554.1666666666667,0.0,0.0,Moving
0.12976300000000052,31.5868125,41290.6606659832,14025.569692439238,12222.282160554192,12222.282160554192,2820.526652435583,0.0,0.0,0.0,0.0,0.0,18.0,1558.4615384615386,0.0,0.0,Moving
0.13023899999999955,31.722089500000003,41078.3252328413,12976.143858598467,13114.35130797999,12177.611928838562,2810.2181374242837,0.0,0.0,0.0,0.0,0.0,18.0,1556.4285714285713,0.0,0.0,Moving
0.1300050000000006,31.852213499999998,40675.35864005212,12999.50001922997,12199.530787277357,13137.956232452538,1876.8508903503625,0.0,0.0,0.0,0.0,461.52071074189246,18.384615384615383,1554.6153846153845,0.0,0.0,Moving
0.13000700000000265,31.9869645,41213.16544493674,13999.2461944354,12199.343112293705,12199.343112293705,2815.233025913932,0.0,0.0,0.0,0.0,0.0,18.0,1558.4615384615386,0.0,0.0,Moving
0.12975999999999743,32.1221,41229.963008632134,13024.044389642675,13162.762022195082,12222.564734895434,2820.5918618989463,0.0,0.0,0.0,0.0,0.0,18.384615384615383,1558.5714285714287,0.0,0.0,Moving
0.13500200000000007,32.254482,39688.30091406051,13481.281758788751,11747.974104087341,12651.664419786368,1807.3806313980524,0.0,0.0,0.0,0.0,0.0,18.0,1556.1538461538462,0.0,0.0,Moving
0.12462000000000018,32.389663,42432.99630877863,13561.22612742736,12726.689134970291,12726.689134970291,2936.9282619162213,0.0,0.0,0.0,0.0,481.4636494944625,18.384615384615383,1558.7692307692307,0.0,0.0,Moving
0.12001000000000062,32.517252,42446.462794766885,12998.916756936855,13215.565369552469,12198.983418048434,2033.163903008072,1999.8333472210547,0.0,0.0,0.0,0.0,18.0,1556.923076923077,0.0,0.0,Moving
0.12997000000000014,32.642244,41163.34538739705,13003.000692467478,12202.816034469479,13141.494190967132,2816.0344694929568,0.0,0.0,0.0,0.0,0.0,18.384615384615383,1553.1538461538462,0.0,0.0,Moving
0.13024700000000422,32.7768925,41137.223889992296,13973.450444155651,12176.863958478496,12176.863958478496,2810.045528879653,0.0,0.0,0.0,0.0,0.0,18.0,1558.4615384615386,0.0,0.0,Moving
0.1300900000000027,32.91235,40648.7816127288,12991.006226458336,13129.371973249015,12191.559689445516,1875.6245676070023,0.0,0.0,0.0,0.0,461.219155968935,18.384615384615383,1557.857142857143,0.0,0.0,Moving
0.1298619999999957,33.042328999999995,41197.57896844479,13013.814664798447,12212.96453158008,13152.423341701626,2818.376430364634,0.0,0.0,0.0,0.0,0.0,18.0,1553.8461538461538,0.0,0.0,Moving
0.12999299999999891,33.1770245,41217.60402483245,14000.753886747865,12200.656958451711,12200.656958451711,2815.536221181164,0.0,0.0,0.0,0.0,0.0,18.285714285714285,1556.1538461538462,0.0,0.0,Moving
0.13002999999999787,33.31231,41144.35130354601,12997.000692148178,13135.430285318987,13135.430285318987,1876.4900407598554,0.0,0.0,0.0,0.0,0.0,18.076923076923077,1557.857142857143,0.0,0.0,Moving
0.12420700000000551,33.4394295,41012.18127802599,12559.678601044472,11786.77530251866,11786.77530251866,2946.693825629665,1449.1936847359007,0.0,0.0,0.0,483.0645615786336,18.0,1554.1666666666667,0.0,0.0,Moving
0.12538800000000094,33.564627,42173.094714007406,13478.163779627934,12648.738316266214,12648.738316266214,2918.9396114460496,478.5146904009917,0.0,0.0,0.0,0.0,18.153846153846153,1554.6153846153845,0.0,0.0,Moving
0.13531300000000357,33.6997095,39597.08232024904,13450.296719457494,12622.586152106265,11720.972855527245,1803.2265931580378,0.0,0.0,0.0,0.0,0.0,18.214285714285715,1557.2142857142858,0.0,0.0,Moving
0.12996400000000108,33.83235,41165.245760364065,13003.600997199117,12203.379397371478,13142.100889476977,2816.164476316495,0.0,0.0,0.0,0.0,0.0,18.0,1559.2307692307693,0.0,0.0,Moving
0.12534399999999835,33.964745,42187.89890222164,13482.895072759942,12653.178452897793,12653.178452897793,2919.964258361029,0.0,0.0,0.0,0.0,478.68266530508674,18.153846153846153,1556.923076923077,0.0,0.0,Moving
0.1352189999999993,34.09948850000001,39624.60896767486,13459.646943107176,12631.360977377504,11729.120907564826,1804.4801396253577,0.0,0.0,0.0,0.0,0.0,18.214285714285715,1557.857142857143,0.0,0.0,Moving
0.13024899999999917,34.2322235,41075.171402467844,12975.147601901057,12176.676980245607,13113.3444402645,2810.0023800566787,0.0,0.0,0.0,0.0,0.0,18.0,1555.3846153846155,0.0,0.0,Moving
0.12534700000000498,34.3647675,42186.88919559136,13482.57237907515,12652.87561728591,12652.87561728591,2919.8943732198254,0.0,0.0,0.0,0.0,478.67120872456155,18.153846153846153,1556.923076923077,0.0,0.0,Moving
0.11990300000000076,34.4920455,42551.062108537466,14094.726570644516,12209.86964462933,12209.86964462933,2034.9782741048887,2001.6179745293987,0.0,0.0,0.0,0.0,18.23076923076923,1557.5,0.0,0.0,Moving
0.12973400000000623,34.622235,41238.2259083952,13026.654539287456,13165.399972250281,12225.014259946689,2821.1571369107746,0.0,0.0,0.0,0.0,0.0,18.0,1555.7142857142858,0.0,0.0,Moving
0.13501500000000277,34.7546105,39684.47950227671,13479.983705513925,11746.842943376421,12650.446246713069,1807.2066066732955,0.0,0.0,0.0,0.0,0.0,18.357142857142858,1554.6153846153845,0.0,0.0,Moving
0.12453899999999862,34.8896915,42460.594673155065,13570.046330868392,12734.966556661106,12734.966556661106,2938.838436152563,0.0,0.0,0.0,0.0,481.7767928118956,18.0,1557.2307692307693,0.0,0.0,Moving
0.12999999999999545,35.022393,41153.8461538476,13000.000000000455,13138.461538461997,12200.000000000427,2815.384615384714,0.0,0.0,0.0,0.0,0.0,18.23076923076923,1555.7142857142858,0.0,0.0,Moving
0.13459199999999782,35.15469,39809.20114122746,13522.349025202311,11783.761293390586,12690.204469805245,1812.8863528293207,0.0,0.0,0.0,0.0,0.0,18.142857142857142,1556.1538461538462,0.0,0.0,Moving
0.13001700000000227,35.292392500000005,41148.4652007038,12998.300222278398,13136.743656598523,12198.404823984343,2815.0164978425405,0.0,0.0,0.0,0.0,0.0,18.384615384615383,1556.4285714285713,0.0,0.0,Moving
0.13001799999999974,35.422411,40671.29166730768,12998.20024919629,12198.311003091903,12198.311003091903,2814.9948468673624,0.0,0.0,0.0,0.0,461.4745650602233,18.0,1557.6923076923076,0.0,0.0,Moving
0.12001200000000267,35.547427,42445.75542445661,12998.700129986712,12198.78012198753,13215.345132153157,2033.1300203312549,1999.8000199979556,0.0,0.0,0.0,0.0,18.0,1555.8333333333333,0.0,0.0,Moving
0.1297829999999962,35.6771195,41284.29763528472,14023.408304631987,12220.398665465018,12220.398665465018,2820.0919997226965,0.0,0.0,0.0,0.0,0.0,18.357142857142858,1556.2307692307693,0.0,0.0,Moving
0.1298580000000058,35.812338,41198.847972398784,13014.215527729708,13152.828474178901,13152.828474178901,1878.9754963112716,0.0,0.0,0.0,0.0,0.0,18.153846153846153,1555.0,0.0,0.0,Moving
0.12989600000000223,35.942228,40709.49066945795,13010.408326661105,12209.76781425119,12209.76781425119,2817.6387263656597,0.0,0.0,0.0,0.0,461.9079879287967,18.23076923076923,1557.6923076923076,0.0,0.0,Moving
0.13025600000000281,36.07705,41134.38152561022,13972.484952708211,12176.022601645727,12176.022601645727,2809.8513696105524,0.0,0.0,0.0,0.0,0.0,18.0,1556.923076923077,0.0,0.0,Moving
0.13009300000000223,36.2125085,41124.42637190247,12990.706648320593,13129.06920433821,13129.06920433821,1875.5813149054584,0.0,0.0,0.0,0.0,0.0,18.384615384615383,1555.0,0.0,0.0,Moving
0.13466500000000536,36.344888499999996,39787.62113392334,13515.018750231518,11777.37348234461,11777.37348234461,2717.855419002602,0.0,0.0,0.0,0.0,0.0,18.071428571428573,1554.6153846153845,0.0,0.0,Moving
0.1100319999999968,36.472598000000005,45659.444525230356,12996.219281663894,13305.22029954961,13305.22029954961,3326.3050748874025,2181.1836556638705,0.0,0.0,0.0,545.2959139159676,18.363636363636363,1557.8333333333333,0.0,0.0,Moving
0.13501300000000072,36.5997305,39685.06736388327,13480.183389747583,12650.633642686193,11747.016953922894,1807.233377526599,0.0,0.0,0.0,0.0,0.0,18.0,1553.5714285714287,0.0,0.0,Moving
0.13024899999999917,36.732362499999994,41075.171402467844,12975.147601901057,12176.676980245607,13113.3444402645,2810.0023800566787,0.0,0.0,0.0,0.0,0.0,18.384615384615383,1554.6153846153845,0.0,0.0,Moving
0.12980900000000162,36.867138499999996,41276.02862667406,14020.599496182678,12217.95098953062,12217.95098953062,2819.527151430143,0.0,0.0,0.0,0.0,0.0,18.214285714285715,1556.1538461538462,0.0,0.0,Moving
0.13005600000000328,37.002528999999996,40659.408254904556,12994.402411268664,13132.80433044194,12194.746878267515,1876.1149043488485,0.0,0.0,0.0,0.0,461.3397305775857,18.153846153846153,1555.0,0.0,0.0,Moving
0.12969700000000017,37.1324065,41249.99036215173,13030.370787296528,12228.501815770587,13169.155801599094,2821.96195748552,0.0,0.0,0.0,0.0,0.0,18.307692307692307,1554.6153846153845,0.0,0.0,Moving
0.13011099999999942,37.2670515,41180.22304032729,13988.056351884223,12189.591963784822,12189.591963784822,2812.9827608734204,0.0,0.0,0.0,0.0,0.0,18.071428571428573,1557.6923076923076,0.0,0.0,Moving
0.13025099999999412,37.402418499999996,40598.53667150532,12974.948368919058,13113.143085274409,12176.490007754808,1873.3061550392013,0.0,0.0,0.0,0.0,460.6490545178364,18.384615384615383,1557.142857142857,0.0,0.0,Moving
0.11999899999999997,37.5275455,42450.35375294795,13000.108334236122,12200.1016675139,12200.1016675139,3050.025416878475,2000.0166668055572,0.0,0.0,0.0,0.0,18.0,1554.1666666666667,0.0,0.0,Moving
0.1346019999999939,37.654847000000004,39806.243592221836,13521.34440795889,11782.88584122132,12689.26167516142,1812.7516678802028,0.0,0.0,0.0,0.0,0.0,18.357142857142858,1556.1538461538462,0.0,0.0,Moving
0.13007999999999953,37.792552,41128.536285363,12992.004920049247,13130.381303813085,12192.496924969293,2813.6531365313754,0.0,0.0,0.0,0.0,0.0,18.384615384615383,1555.7142857142858,0.0,0.0,Moving
0.1298049999999975,37.9224955,40738.03012210702,13019.529293941161,12218.32749123709,12218.32749123709,2819.6140364393286,0.0,0.0,0.0,0.0,462.2318092523489,18.0,1553.8461538461538,0.0,0.0,Moving
0.1348999999999947,38.054849000000004,39718.30985915649,13491.475166790746,11756.856931060507,12661.230541142084,1808.747220163155,0.0,0.0,0.0,0.0,0.0,18.357142857142858,1555.3846153846155,0.0,0.0,Moving
0.12985199999999963,38.192489,41200.751624926954,13014.81686843487,13153.436219696307,12213.90506114657,2818.5934756492084,0.0,0.0,0.0,0.0,0.0,18.0,1555.0,0.0,0.0,Moving
0.13016599999999556,38.322497999999996,41101.36287509935,12983.421169891197,12184.4414055902,13121.70612909714,2811.7941705208154,0.0,0.0,0.0,0.0,0.0,18.384615384615383,1558.4615384615386,0.0,0.0,Moving
0.1153590000000051,38.4500025,43620.35038445009,13523.002106467038,12690.817361453683,12690.817361453683,2115.136226908947,2080.4618625333906,0.0,0.0,0.0,520.1154656333476,18.0,1558.3333333333333,0.0,0.0,Moving
0.13000900000000115,38.5773335,41212.531440130704,13999.030836326592,12199.1554430846,12199.1554430846,2815.189717634908,0.0,0.0,0.0,0.0,0.0,18.357142857142858,1556.1538461538462,0.0,0.0,Moving
0.13004300000000057,38.7126155,41140.23822889334,12995.701421837335,13134.117176626134,13134.117176626134,1876.3024538037334,0.0,0.0,0.0,0.0,0.0,18.384615384615383,1552.9285714285713,0.0,0.0,Moving
0.13472099999999898,38.8449985,39771.082459305086,13509.400910028977,11772.477935882394,11772.477935882394,2716.725677511322,0.0,0.0,0.0,0.0,0.0,18.0,1555.3846153846155,0.0,0.0,Moving
0.1246539999999996,38.980050000000006,42421.42249747314,13557.527235387597,12723.217867056052,12723.217867056052,2936.127200089858,0.0,0.0,0.0,0.0,481.33232788358333,18.384615384615383,1556.1538461538462,0.0,0.0,Moving
0.1297790000000063,39.1125115,41223.92682945423,13022.137633977129,13160.834957889312,13160.834957889312,1880.119279698473,0.0,0.0,0.0,0.0,0.0,18.153846153846153,1557.857142857143,0.0,0.0,Moving
0.134799000000001,39.2449715,39748.069347695164,13501.583839642626,11765.665917402861,11765.665917402861,2715.153673246814,0.0,0.0,0.0,0.0,0.0,18.214285714285715,1556.1538461538462,0.0,0.0,Moving
0.13020300000000162,39.3825585,41089.683033416535,12979.731649808215,13117.977312350551,12180.97893289694,2810.9951383608322,0.0,0.0,0.0,0.0,0.0,18.0,1555.7142857142858,0.0,0.0,Moving
0.12026600000000087,39.507794,41840.58669948251,12971.247068996963,12173.016480135611,12173.016480135611,2028.836080022602,1995.5764721533787,0.0,0.0,0.0,498.8941180383447,18.416666666666668,1555.8333333333333,0.0,0.0,Moving
0.129486,39.632672,41317.20803793461,13051.604034412987,12248.428401526035,13190.615201643423,2826.5604003521617,0.0,0.0,0.0,0.0,0.0,18.307692307692307,1556.923076923077,0.0,0.0,Moving
0.1301600000000036,39.767367,41164.720344190624,13982.790411800474,12185.003073140413,12185.003073140413,2811.923786109326,0.0,0.0,0.0,0.0,0.0,18.071428571428573,1558.4615384615386,0.0,0.0,Moving
0.13000100000000003,39.9026705,41153.52958823393,12999.900000769221,13138.360474150195,13138.360474150195,1876.9086391643136,0.0,0.0,0.0,0.0,0.0,18.076923076923077,1557.142857142857,0.0,0.0,Moving
0.12530299999999528,40.035053500000004,42201.703071755655,13487.306768393923,12657.31865956968,12657.31865956968,2920.9196906699262,0.0,0.0,0.0,0.0,478.839293552447,18.307692307692307,1557.6923076923076,0.0,0.0,Moving
0.13010200000000083,40.167266,41183.07174370852,13989.02399655646,12190.4351969992,12190.4351969992,2813.1773531536614,0.0,0.0,0.0,0.0,0.0,18.357142857142858,1556.923076923077,0.0,0.0,Moving
0.12996899999999556,40.3027525,41163.6621040416,13003.100739407533,13141.595303495898,13141.595303495898,1877.3707576422712,0.0,0.0,0.0,0.0,0.0,18.0,1557.142857142857,0.0,0.0,Moving
0.12527699999999697,40.4350745,42210.46161705762,13490.105925269929,12659.945560637932,12659.945560637932,2921.525898608754,0.0,0.0,0.0,0.0,478.9386719030744,18.384615384615383,1555.3846153846155,0.0,0.0,Moving
0.12001200000000267,40.56245,42512.41542512321,14081.925140818938,12198.78012198753,12198.78012198753,2033.1300203312549,1999.8000199979556,0.0,0.0,0.0,0.0,18.153846153846153,1556.6666666666667,0.0,0.0,Moving
0.12983700000000198,40.6927695,41205.511525989656,13016.320463350003,13154.955829231836,12215.316127143848,2818.919106263965,0.0,0.0,0.0,0.0,0.0,18.23076923076923,1556.4285714285713,0.0,0.0,Moving
0.130037999999999,40.822708,41141.820083360566,12996.201110444741,12196.434888263526,13134.62218736072,2814.5618972915827,0.0,0.0,0.0,0.0,0.0,18.23076923076923,1556.4615384615386,0.0,0.0,Moving
0.13001700000000227,40.957462500000005,40733.13489774343,13998.169470145967,12198.404823984343,12198.404823984343,1876.6776652283604,0.0,0.0,0.0,0.0,461.47811440041653,18.142857142857142,1559.2307692307693,0.0,0.0,Moving
0.13015299999999996,41.0926695,41105.468179757685,12984.717985755231,13123.016757201143,12185.658417401062,2812.0750194002453,0.0,0.0,0.0,0.0,0.0,18.384615384615383,1557.2142857142858,0.0,0.0,Moving
0.12999899999999798,41.2227465,41154.16272432929,13000.100000769438,12200.093846875936,13138.56260432793,2815.406272355985,0.0,0.0,0.0,0.0,0.0,18.0,1556.1538461538462,0.0,0.0,Moving
0.13546199999999686,41.360218,39553.527926651936,13435.502207261388,12608.702071429918,11708.08049489921,1801.243153061417,0.0,0.0,0.0,0.0,0.0,18.357142857142858,1557.857142857143,0.0,0.0,Moving
0.11454899999999668,41.4852255,43928.79902923767,13618.626090145224,11715.510392932621,12780.556792290132,3195.139198072533,2095.173244637727,0.0,0.0,0.0,523.7933111594317,18.333333333333332,1554.5454545454545,0.0,0.0,Moving
0.1297399999999982,41.612632,41236.318791429585,13026.052104208598,13164.791120703128,13164.791120703128,1880.6844458147325,0.0,0.0,0.0,0.0,0.0,18.076923076923077,1557.857142857143,0.0,0.0,Moving
0.13478199999999418,41.745127,39753.08275585932,13503.286789037695,11767.14991616142,11767.14991616142,2715.496134498789,0.0,0.0,0.0,0.0,0.0,18.071428571428573,1554.6153846153845,0.0,0.0,Moving
0.12964200000000403,41.882967,41267.490473764934,13035.89885993696,13174.74275311972,12233.689699325456,2823.1591613827973,0.0,0.0,0.0,0.0,0.0,18.307692307692307,1556.4285714285713,0.0,0.0,Moving
0.13003400000000198,42.012806,40666.287278711105,12996.600888998064,12196.81006505972,13135.026223910469,1876.4323177014955,0.0,0.0,0.0,0.0,461.41778304135136,18.384615384615383,1556.923076923077,0.0,0.0,Moving
0.13445099999999854,42.1450495,39850.94941651649,13536.530036965287,11796.119032212606,11796.119032212606,2722.181315125986,0.0,0.0,0.0,0.0,0.0,18.0,1558.4615384615386,0.0,0.0,Moving
0.13006699999999682,42.2826315,41132.64702038281,12993.303451298494,13131.69366557268,12193.715546603202,2813.9343569084313,0.0,0.0,0.0,0.0,0.0,18.384615384615383,1555.7142857142858,0.0,0.0,Moving
0.13019700000000256,42.412764499999994,41091.5766108274,12980.329807906224,12181.540281265841,13118.581841363215,2811.1246802921173,0.0,0.0,0.0,0.0,0.0,18.153846153846153,1554.6153846153845,0.0,0.0,Moving
0.1152670000000029,42.5401905,43655.1658323707,13533.795448827164,12700.946498130108,12700.946498130108,2116.824416355018,2082.122376742641,0.0,0.0,0.0,520.5305941856602,18.25,1554.1666666666667,0.0,0.0,Moving
0.12975200000000342,42.66745,41294.16116899823,14026.758739749306,12223.318330352968,12223.318330352968,2820.7657685429926,0.0,0.0,0.0,0.0,0.0,18.214285714285715,1556.1538461538462,0.0,0.0,Moving
0.13005600000000328,42.802859999999995,41136.12597650139,12994.402411268664,13132.80433044194,13132.80433044194,1876.1149043488485,0.0,0.0,0.0,0.0,0.0,18.153846153846153,1556.4285714285713,0.0,0.0,Moving
0.14000000000000057,42.942581,37885.71428571413,13928.571428571371,10457.142857142815,10457.142857142815,2614.2857142857038,0.0,0.0,0.0,0.0,428.57142857142685,18.333333333333332,1557.5833333333333,0.0,0.0,Moving
0.4200230000000005,43.2325975,13308.794994559807,13308.794994559807,0.0,0.0,0.0,0.0,0.0,0.0,0.0,0.0,10.395348837209303,,,,Moving
0.3699940000000055,43.637614,14162.391822569885,13351.56786326245,0.0,0.0,0.0,648.6591674459489,0.0,0.0,0.0,162.16479186148723,0.0,,,,Stopped
0.4100740000000016,44.037533999999994,13460.98509049581,13314.670035164332,0.0,0.0,0.0,0.0,0.0,0.0,0.0,146.31505533147617,0.0,,,,Stopped
0.3700630000000018,44.4376425,14159.75117750214,13349.078400164231,0.0,0.0,0.0,648.538221870327,0.0,0.0,0.0,162.13455546758175,0.0,,,,Stopped
0.40992299999999915,44.837746499999994,13465.943604042739,13319.574651824883,0.0,0.0,0.0,0.0,0.0,0.0,0.0,146.36895221785585,0.0,,,,Stopped
0.4201090000000036,45.2627475,13306.070567400251,13306.070567400251,0.0,0.0,0.0,0.0,0.0,0.0,0.0,0.0,0.0,,,,Stopped
0.37009099999999506,45.6677535,14158.679892242908,13348.068448030528,0.0,0.0,0.0,648.4891553699042,0.0,0.0,0.0,162.12228884247605,0.0,,,,Stopped
0.40999400000000463,46.067792,13463.611662609545,13317.26805758118,0.0,0.0,0.0,0.0,0.0,0.0,0.0,146.3436050283646,0.0,,,,Stopped
0.36977699999999913,46.4676605,14170.70288308903,13359.40309970607,0.0,0.0,0.0,649.0398267063678,0.0,0.0,0.0,162.25995667659194,0.0,,,,Stopped
0.41010200000000196,46.867757999999995,13460.066032352863,13313.76096678381,0.0,0.0,0.0,0.0,0.0,0.0,0.0,146.30506556905286,0.0,,,,Stopped
0.42014299999999594,47.2927775,13304.9937759288,13304.9937759288,0.0,0.0,0.0,0.0,0.0,0.0,0.0,0.0,0.0,,,,Stopped
0.37335099999999954,47.6960555,14035.050127092218,13231.51672286938,0.0,0.0,0.0,642.8267233782694,0.0,0.0,0.0,160.70668084456736,0.0,,,,Stopped
0.4100180000000009,48.09788399999999,13462.823583354848,13316.48854440534,0.0,0.0,0.0,0.0,0.0,0.0,0.0,146.33503894950923,0.0,,,,Stopped
0.3698619999999977,48.497825,14167.446236704589,13356.332902542112,0.0,0.0,0.0,648.8906673299812,0.0,0.0,0.0,162.2226668324953,0.0,,,,Stopped
0.40992199999999457,48.897956,13465.976454057292,13319.60714477406,0.0,0.0,0.0,0.0,0.0,0.0,0.0,146.36930928323144,0.0,,,,Stopped
0.4007920000000027,49.313331000000005,13598.075809896314,13298.668636100432,0.0,0.0,0.0,299.40717379588216,0.0,0.0,0.0,0.0,0.0,,,,Stopped
0.3985659999999953,49.713728,13498.391734367868,13046.772680058162,0.0,0.0,0.0,301.07936953980374,0.0,0.0,0.0,150.53968476990187,0.0,,,,Stopped
0.4099019999999953,50.127931000000004,13466.633488004603,13320.257037048032,0.0,0.0,0.0,0.0,0.0,0.0,0.0,146.37645095657177,0.0,,,,Stopped
0.36994699999999625,50.5278385,14164.1910868315,13353.264116211376,0.0,0.0,0.0,648.7415764960992,0.0,0.0,0.0,162.1853941240248,0.0,,,,Stopped
0.4097800000000049,50.928037,13470.64278393268,13324.222753672542,0.0,0.0,0.0,0.0,0.0,0.0,0.0,146.42003026013782,0.0,,,,Stopped
0.38009300000000223,51.3330865,13970.265171944679,13338.840757393507,0.0,0.0,0.0,631.4244145511719,0.0,0.0,0.0,0.0,0.0,,,,Stopped
0.4101170000000067,51.738119499999996,13459.573731398381,13313.274016926658,0.0,0.0,0.0,0.0,0.0,0.0,0.0,146.29971447172153,0.0,,,,Stopped
0.40987899999999655,52.1580335,13467.389156312098,13321.004491569574,0.0,0.0,0.0,0.0,0.0,0.0,0.0,146.3846647425228,0.0,,,,Stopped
0.37001300000000015,52.5579145,14161.664590163042,13350.882266298746,0.0,0.0,0.0,648.6258590914371,0.0,0.0,0.0,162.15646477285927,0.0,,,,Stopped
0.41033399999999887,52.958025000000006,13452.455804296049,13306.23345859718,0.0,0.0,0.0,0.0,0.0,0.0,0.0,146.2223456988701,0.0,,,,Stopped
0.3800319999999999,53.36317,13972.507578309198,13340.981812057935,0.0,0.0,0.0,631.5257662512631,0.0,0.0,0.0,0.0,0.0,,,,Stopped
0.409990999999998,53.7681865,13463.710179003996,13317.365503145256,0.0,0.0,0.0,0.0,0.0,0.0,0.0,146.34467585873907,0.0,,,,Stopped
0.41003200000000106,54.188217,13462.36391306041,13316.033870527144,0.0,0.0,0.0,0.0,0.0,0.0,0.0,146.33004253326533,0.0,,,,Stopped
0.369726,54.58814,14172.657589674516,13361.245895609181,0.0,0.0,0.0,649.1293552522679,0.0,0.0,0.0,162.28233881306699,0.0,,,,Stopped
0.41005799999999937,54.988242,13461.510322929948,13315.189558550275,0.0,0.0,0.0,0.0,0.0,0.0,0.0,146.32076437967334,0.0,,,,Stopped
0.3799419999999998,55.393322,13975.817361597305,13344.142000621156,0.0,0.0,0.0,631.6753609761494,0.0,0.0,0.0,0.0,0.0,,,,Stopped
0.4099509999999995,55.798280500000004,13465.023868706276,13318.664913611643,0.0,0.0,0.0,0.0,0.0,0.0,0.0,146.35895509463344,0.0,,,,Stopped
0.4100079999999977,56.218333,13463.151938498837,13316.813330471676,0.0,0.0,0.0,0.0,0.0,0.0,0.0,146.33860802716126,0.0,,,,Stopped
0.36987799999999993,56.618259,14166.833388306417,13355.755140884294,0.0,0.0,0.0,648.8625979376985,0.0,0.0,0.0,162.21564948442463,0.0,,,,Stopped
0.4000880000000038,57.013378,13622.003159304824,13322.069144788022,0.0,0.0,0.0,149.96700725840174,0.0,0.0,0.0,149.96700725840174,0.0,,,,Stopped
0.3796610000000058,57.413343499999996,13986.161338667704,13354.018453304192,0.0,0.0,0.0,632.142885363512,0.0,0.0,0.0,0.0,0.0,,,,Stopped
0.4102590000000035,57.818282499999995,13454.915065848532,13308.66598904583,0.0,0.0,0.0,0.0,0.0,0.0,0.0,146.24907680270144,0.0,,,,Stopped
0.40001500000000334,58.233515499999996,13624.489081659323,13324.500331237467,0.0,0.0,0.0,149.99437521092833,0.0,0.0,0.0,149.99437521092833,0.0,,,,Stopped
0.37000799999999856,58.628461,14161.855959871193,13351.062679725896,0.0,0.0,0.0,648.6346241162379,0.0,0.0,0.0,162.15865602905947,0.0,,,,Stopped
0.3999340000000018,59.023295,13627.24849600178,13327.198987832933,0.0,0.0,0.0,150.02475408442325,0.0,0.0,0.0,150.02475408442325,0.0,,,,Stopped
0.38001399999999563,59.423433,13973.16940954823,13341.613730020626,0.0,0.0,0.0,631.5556795276036,0.0,0.0,0.0,0.0,0.0,,,,Stopped
0.40998900000000305,59.8284415,13463.775857400953,13317.430467646594,0.0,0.0,0.0,0.0,0.0,0.0,0.0,146.34538975435817,0.0,,,,Stopped
0.4100880000000018,60.248429,13460.525545736466,13314.215485456722,0.0,0.0,0.0,146.3100602797442,0.0,0.0,0.0,0.0,0.0,,,,Stopped
0.38023299999999693,60.653510499999996,13965.121386097584,13333.929459042327,0.0,0.0,0.0,631.191927055258,0.0,0.0,0.0,0.0,0.0,,,,Stopped
0.4099700000000013,61.058403,13464.399834134163,13318.04766202401,0.0,0.0,0.0,146.35217211015396,0.0,0.0,0.0,0.0,0.0,,,,Stopped
0.3800370000000015,61.4634005,13972.323747424538,13340.806289913824,0.0,0.0,0.0,631.5174575107136,0.0,0.0,0.0,0.0,0.0,,,,Stopped
0.4100389999999976,61.8684035,13462.13408968423,13315.806545231142,0.0,0.0,0.0,146.32754445308947,0.0,0.0,0.0,0.0,0.0,,,,Stopped
0.4201849999999965,62.293484500000005,13303.663862346459,13303.663862346459,0.0,0.0,0.0,0.0,0.0,0.0,0.0,0.0,0.0,,,,Stopped
0.3800150000000002,62.7034565,13973.132639501064,13341.578621896497,0.0,0.0,0.0,631.5540176045679,0.0,0.0,0.0,0.0,0.0,,,,Stopped
0.40986600000000095,63.108553,13467.816310696635,13321.427002971672,0.0,0.0,0.0,146.38930772496343,0.0,0.0,0.0,0.0,0.0,,,,Stopped
0.3800250000000034,63.5134915,13972.76494967424,13341.227550818907,0.0,0.0,0.0,631.5373988553329,0.0,0.0,0.0,0.0,0.0,,,,Stopped
0.40996599999999717,63.918549,13464.531205026851,13318.177604972212,0.0,0.0,0.0,146.35360005463968,0.0,0.0,0.0,0.0,0.0,,,,Stopped
0.39081099999999935,64.32892749999999,13766.245064749992,13305.664374851292,0.0,0.0,0.0,460.5806898986986,0.0,0.0,0.0,0.0,0.0,,,,Stopped
0.4186000000000121,64.73435,13186.813186812806,13043.47826086919,0.0,0.0,0.0,143.33492594361746,0.0,0.0,0.0,0.0,0.0,,,,Stopped
0.41009300000000337,65.15883149999999,13460.36143021206,13314.053153796713,0.0,0.0,0.0,146.30827641534847,0.0,0.0,0.0,0.0,0.0,,,,Stopped
0.3800949999999972,65.5637135,13970.191662610767,13338.770570515364,0.0,0.0,0.0,631.4210920954018,0.0,0.0,0.0,0.0,0.0,,,,Stopped
0.4199870000000061,65.9736895,13309.935783726445,13309.935783726445,0.0,0.0,0.0,0.0,0.0,0.0,0.0,0.0,0.0,,,,Stopped
0.3700890000000072,66.3788565,14158.756407242307,13348.140582400189,0.0,0.0,0.0,810.6158248421168,0.0,0.0,0.0,0.0,0.0,,,,Stopped
0.4202329999999961,66.7838315,13302.14428662207,13302.14428662207,0.0,0.0,0.0,0.0,0.0,0.0,0.0,0.0,0.0,,,,Stopped
0.4100169999999963,67.2089475,13462.856418148638,13316.521022299195,0.0,0.0,0.0,146.3353958494417,0.0,0.0,0.0,0.0,0.0,,,,Stopped
0.37976900000001024,67.6138445,13982.183906532278,13350.220792112741,0.0,0.0,0.0,631.963114419538,0.0,0.0,0.0,0.0,0.0,,,,Stopped
0.41010299999999233,68.0187815,13460.033211169153,13313.728502352096,0.0,0.0,0.0,146.30470881705602,0.0,0.0,0.0,0.0,0.0,,,,Stopped
0.3802510000000012,68.4239005,13964.460317001094,13333.298268775055,0.0,0.0,0.0,631.1620482260381,0.0,0.0,0.0,0.0,0.0,,,,Stopped
0.4200360000000103,68.834047,13308.38309097283,13308.38309097283,0.0,0.0,0.0,0.0,0.0,0.0,0.0,0.0,0.0,,,,Stopped
0.41002800000001116,69.259062,13462.495244226857,13316.163774180914,0.0,0.0,0.0,146.3314700459441,0.0,0.0,0.0,0.0,0.0,,,,Stopped
0.3797760000000068,69.66395800000001,13981.926188068506,13349.974721941117,0.0,0.0,0.0,631.9514661273902,0.0,0.0,0.0,0.0,0.0,,,,Stopped
0.4002579999999938,70.06401600000001,14005.966151832286,13316.410914960057,0.0,0.0,0.0,149.90331236352785,0.0,0.0,539.6519245087003,0.0,0.0,,,,Stopped
0.37993000000000166,70.464168,13976.258784512876,13344.563472218508,0.0,0.0,0.0,631.6953122943672,0.0,0.0,0.0,0.0,0.0,,,,Stopped
0.4097629999999981,70.8692825,13471.20164582948,13324.775540983508,0.0,0.0,0.0,146.42610484597262,0.0,0.0,0.0,0.0,0.0,,,,Stopped
0.41016299999999717,71.2892335,13838.400830889279,13311.780926119707,0.0,0.0,0.0,0.0,0.0,0.0,526.6199047695709,0.0,0.0,,,,Stopped
0.3798269999999917,71.6940875,13980.048811696157,13348.182198738139,0.0,0.0,0.0,631.8666129580183,0.0,0.0,0.0,0.0,0.0,,,,Stopped
0.39999699999999905,72.0940445,14015.105113288382,13325.099938249568,0.0,0.0,0.0,150.00112500843792,0.0,0.0,540.0040500303766,0.0,0.0,,,,Stopped
0.3802209999999917,72.4941325,13965.562133601552,13334.350285755154,0.0,0.0,0.0,631.2118478463979,0.0,0.0,0.0,0.0,0.0,,,,Stopped
0.4099689999999896,72.8992925,13464.432676617354,13318.080147523688,0.0,0.0,0.0,146.3525290936669,0.0,0.0,0.0,0.0,0.0,,,,Stopped
0.37012699999999654,73.2992235,14892.185655194167,13346.770162674018,0.0,0.0,0.0,0.0,0.0,961.8320198202329,583.5834726999166,0.0,0.0,,,,Stopped
0.37982499999999675,73.6842265,13980.122424801015,13348.252484697014,0.0,0.0,0.0,631.8699401040006,0.0,0.0,0.0,0.0,0.0,,,,Stopped
0.3702550000000002,74.06921750000001,14465.706067439998,13342.156081619416,0.0,0.0,0.0,162.05047872412246,0.0,961.49950709646,0.0,0.0,0.0,,,,Stopped
0.3800289999999933,74.4543615,13972.6178791621,13341.087127561554,0.0,0.0,0.0,631.5307516005469,0.0,0.0,0.0,0.0,0.0,,,,Stopped
0.419951999999995,74.864358,13311.04507181789,13311.04507181789,0.0,0.0,0.0,0.0,0.0,0.0,0.0,0.0,0.0,,,,Stopped
0.410033999999996,75.289396,13462.298248438065,13315.968919650695,0.0,0.0,0.0,146.3293287873703,0.0,0.0,0.0,0.0,0.0,,,,Stopped
0.3797789999999992,75.69430449999999,13981.815740206834,13349.869266073192,0.0,0.0,0.0,631.9464741336423,0.0,0.0,0.0,0.0,0.0,,,,Stopped
0.41011999999999205,76.09941,13459.475275529374,13313.176631230142,0.0,0.0,0.0,146.29864429923234,0.0,0.0,0.0,0.0,0.0,,,,Stopped
0.3802219999999892,76.50441599999999,13965.525403580412,13334.315215847962,0.0,0.0,0.0,631.2101877324479,0.0,0.0,0.0,0.0,0.0,,,,Stopped
0.41003700000000265,76.90949649999999,13462.199752705157,13315.871494523579,0.0,0.0,0.0,146.32825818157778,0.0,0.0,0.0,0.0,0.0,,,,Stopped
0.3800279999999958,77.314502,14277.895312977096,13341.12223309876,0.0,0.0,0.0,0.0,0.0,936.7730798783351,0.0,0.0,0.0,,,,Stopped
0.3800080000000037,77.704542,13973.390033893887,13341.824382644447,0.0,0.0,0.0,631.5656512494413,0.0,0.0,0.0,0.0,0.0,,,,Stopped
0.4100170000000105,78.1095555,13462.85641814817,13316.521022298733,0.0,0.0,0.0,146.33539584943665,0.0,0.0,0.0,0.0,0.0,,,,Stopped
0.3802510000000012,78.5144795,13964.460317001094,13333.298268775055,0.0,0.0,0.0,631.1620482260381,0.0,0.0,0.0,0.0,0.0,,,,Stopped
0.4100090000000023,78.9196135,13463.119102263534,13316.780851151974,0.0,0.0,0.0,146.33825111156014,0.0,0.0,0.0,0.0,0.0,,,,Stopped
0.40137700000001075,79.3352935,13578.256850790787,13279.286057745852,0.0,0.0,0.0,298.9707930449348,0.0,0.0,0.0,0.0,0.0,,,,Stopped
0.4077429999999964,79.74055849999999,13366.262572257643,13071.959543143712,0.0,0.0,0.0,294.30302911392977,0.0,0.0,0.0,0.0,0.0,,,,Stopped
0.40987099999999543,80.15947750000001,13467.652017342192,13321.26449541456,0.0,0.0,0.0,146.38752192763252,0.0,0.0,0.0,0.0,0.0,,,,Stopped
0.38030299999999784,80.5645715,13962.55091335075,13331.47516585467,0.0,0.0,0.0,631.0757474960791,0.0,0.0,0.0,0.0,0.0,,,,Stopped
0.4200349999999986,80.97478849999999,13308.414774959274,13308.414774959274,0.0,0.0,0.0,0.0,0.0,0.0,0.0,0.0,0.0,,,,Stopped
0.37031100000000094,81.37990049999999,14150.268288006531,13340.138424189363,0.0,0.0,0.0,810.1298638171678,0.0,0.0,0.0,0.0,0.0,,,,Stopped
0.42002899999999954,81.7847675,13308.604882043874,13308.604882043874,0.0,0.0,0.0,0.0,0.0,0.0,0.0,0.0,0.0,,,,Stopped
0.3900679999999994,82.19981200000001,15238.368694689154,13331.008952285263,0.0,0.0,0.0,153.81933406482995,1753.5404083390615,0.0,0.0,0.0,0.0,,,,Stopped
0.38016199999999856,82.594731,13967.729546877437,13336.419736849079,0.0,0.0,0.0,631.3098100283587,0.0,0.0,0.0,0.0,0.0,,,,Stopped
0.40989600000000337,82.999777,13466.830610691382,13320.45201709691,0.0,0.0,0.0,146.37859359447154,0.0,0.0,0.0,0.0,0.0,,,,Stopped
0.38019699999999546,83.4047735,13966.443712075748,13335.192018874584,0.0,0.0,0.0,631.2516932011638,0.0,0.0,0.0,0.0,0.0,,,,Stopped
0.39995299999999645,83.8048875,15036.766820101495,13326.565871490018,0.0,0.0,0.0,0.0,1710.200948611477,0.0,0.0,0.0,0.0,,,,Stopped
0.4099429999999984,84.2198725,13465.28663741062,13318.924826134416,0.0,0.0,0.0,146.3618112762024,0.0,0.0,0.0,0.0,0.0,,,,Stopped
0.3802829999999915,84.6248245,13963.285237573384,13332.176300281932,0.0,0.0,0.0,631.1089372914523,0.0,0.0,0.0,0.0,0.0,,,,Stopped
0.3900379999999899,85.01995600000001,14598.57757449312,13332.03431460559,0.0,0.0,0.0,153.83116516852604,0.0,0.0,1112.7120947190049,0.0,0.0,,,,Stopped
0.3799860000000024,85.414975,13974.199049438575,13342.596832514799,0.0,0.0,0.0,631.6022169237774,0.0,0.0,0.0,0.0,0.0,,,,Stopped
0.42000999999999067,85.825001,13309.206923644972,13309.206923644972,0.0,0.0,0.0,0.0,0.0,0.0,0.0,0.0,0.0,,,,Stopped
0.35979399999999373,86.214905,15369.906112942674,13007.443148023818,0.0,0.0,0.0,166.762091641331,0.0,989.4550770718972,1206.2457962056276,0.0,0.0,,,,Stopped
0.35997700000000066,86.5850015,15928.79545082044,13361.964792195033,0.0,0.0,0.0,666.7092619806253,1900.1213966447822,0.0,0.0,0.0,0.0,,,,Stopped
0.4000079999999997,86.97506000000001,14409.711805763896,13324.733505329903,0.0,0.0,0.0,0.0,0.0,0.0,1084.9783004339922,0.0,0.0,,,,Stopped
0.37010100000000534,87.3701135,14158.297329647648,13347.707787873927,0.0,0.0,0.0,810.5895417737204,0.0,0.0,0.0,0.0,0.0,,,,Stopped
0.41995799999999406,87.77512899999999,13310.8548950135,13310.8548950135,0.0,0.0,0.0,0.0,0.0,0.0,0.0,0.0,0.0,,,,Stopped
0.38978699999999833,88.18999550000001,14607.978203480425,13340.619363909063,0.0,0.0,0.0,153.93022342971997,0.0,0.0,1113.4286161416412,0.0,0.0,,,,Stopped
0.3802969999999988,88.58500849999999,13962.771202507558,13331.685498439421,0.0,0.0,0.0,631.0857040681383,0.0,0.0,0.0,0.0,0.0,,,,Stopped
0.41004599999999414,88.990177,13461.9042741548,13315.579227696595,0.0,0.0,0.0,146.32504645820435,0.0,0.0,0.0,0.0,0.0,,,,Stopped
0.3800020000000046,89.395197,13973.610665206856,13342.03504192067,0.0,0.0,0.0,631.5756232861855,0.0,0.0,0.0,0.0,0.0,,,,Stopped
0.4200039999999916,89.805219,13309.397053361663,13309.397053361663,0.0,0.0,0.0,0.0,0.0,0.0,0.0,0.0,0.0,,,,Stopped
0.4097399999999993,90.23012,13471.957826914651,13325.523502709057,0.0,0.0,0.0,146.43432420559404,0.0,0.0,0.0,0.0,0.0,,,,Stopped
0.3803319999999957,90.635175,13961.486280407802,13330.458651914794,0.0,0.0,0.0,631.027628493008,0.0,0.0,0.0,0.0,0.0,,,,Stopped
0.4099550000000107,91.04031549999999,13464.892488199572,13318.534961153924,0.0,0.0,0.0,146.35752704564752,0.0,0.0,0.0,0.0,0.0,,,,Stopped
0.36002600000000484,91.435326,15926.627521345466,13360.146211662312,0.0,0.0,0.0,666.6185219956246,1899.8627876875303,0.0,0.0,0.0,0.0,,,,Stopped
0.409805999999989,91.83021600000001,13469.78814365858,13323.377402966638,0.0,0.0,0.0,146.41074069194107,0.0,0.0,0.0,0.0,0.0,,,,Stopped
0.41971800000000314,92.25528299999999,13318.466208263544,13318.466208263544,0.0,0.0,0.0,0.0,0.0,0.0,0.0,0.0,0.0,,,,Stopped
0.3800640000000044,92.665367,13971.33114422818,13339.85855013877,0.0,0.0,0.0,631.4725940894092,0.0,0.0,0.0,0.0,0.0,,,,Stopped
0.420029999999997,93.075406,13308.573197152678,13308.573197152678,0.0,0.0,0.0,0.0,0.0,0.0,0.0,0.0,0.0,,,,Stopped
0.3702570000000094,93.4805585,14152.332028833667,13342.08401191571,0.0,0.0,0.0,810.248016917958,0.0,0.0,0.0,0.0,0.0,,,,Stopped
0.4100219999999979,93.880437,13462.692245782004,13316.358634414808,0.0,0.0,0.0,146.3336113671957,0.0,0.0,0.0,0.0,0.0,,,,Stopped
0.42002499999999543,94.30548250000001,13308.731623117816,13308.731623117816,0.0,0.0,0.0,0.0,0.0,0.0,0.0,0.0,0.0,,,,Stopped
0.3797789999999992,94.71536750000001,13981.815740206834,13349.869266073192,0.0,0.0,0.0,631.9464741336423,0.0,0.0,0.0,0.0,0.0,,,,Stopped
0.41018100000000857,95.12043750000001,13457.473651875354,13311.19676435497,0.0,0.0,0.0,146.2768875203843,0.0,0.0,0.0,0.0,0.0,,,,Stopped
0.3798570000000012,95.52545549999999,13978.944708140123,13347.127998167689,0.0,0.0,0.0,631.816709972435,0.0,0.0,0.0,0.0,0.0,,,,Stopped
0.42002399999999795,95.93556799999999,13308.763308763373,13308.763308763373,0.0,0.0,0.0,0.0,0.0,0.0,0.0,0.0,0.0,,,,Stopped
0.39391299999999774,96.3525455,13657.838152079345,13200.884459258847,0.0,0.0,0.0,456.95369282049853,0.0,0.0,0.0,0.0,0.0,,,,Stopped
0.4052130000000034,96.7528465,13449.716568816782,13153.576020512559,0.0,0.0,0.0,296.1405483042227,0.0,0.0,0.0,0.0,0.0,,,,Stopped
0.41022500000001116,97.17053849999999,13456.030227313913,13309.769029190935,0.0,0.0,0.0,146.2611981229773,0.0,0.0,0.0,0.0,0.0,,,,Stopped
0.3800629999999927,97.5756725,13971.367904794999,13339.893649211044,0.0,0.0,0.0,631.4742555839548,0.0,0.0,0.0,0.0,0.0,,,,Stopped
0.41000199999999154,97.980682,13463.348959273648,13317.008209716325,0.0,0.0,0.0,146.34074955732225,0.0,0.0,0.0,0.0,0.0,,,,Stopped
0.38000099999999293,98.3857045,13973.647437770162,13342.070152447215,0.0,0.0,0.0,631.5772853229452,0.0,0.0,0.0,0.0,0.0,,,,Stopped
0.4199080000000066,98.79573500000001,13312.439867780351,13312.439867780351,0.0,0.0,0.0,0.0,0.0,0.0,0.0,0.0,0.0,,,,Stopped
0.4198820000000012,99.22568,13313.264202799795,13313.264202799795,0.0,0.0,0.0,0.0,0.0,0.0,0.0,0.0,0.0,,,,Stopped
0.3703689999999966,99.63069150000001,14148.052347793817,13338.04935078272,0.0,0.0,0.0,810.0029970110963,0.0,0.0,0.0,0.0,0.0,,,,Stopped
0.4200430000000068,100.0358075,13308.161307294513,13308.161307294513,0.0,0.0,0.0,0.0,0.0,0.0,0.0,0.0,0.0,,,,Stopped
0.34997199999999395,100.43085400000001,16184.151875007423,13372.498371298507,0.0,0.0,0.0,857.2114340575965,1954.4420696513203,0.0,0.0,0.0,0.0,,,,Stopped
0.4201130000000006,100.8258855,13305.9438770045,13305.9438770045,0.0,0.0,0.0,0.0,0.0,0.0,0.0,0.0,0.0,,,,Stopped
0.4198200000000014,101.25574800000001,13315.23033681097,13315.23033681097,0.0,0.0,0.0,0.0,0.0,0.0,0.0,0.0,0.0,,,,Stopped
0.37008299999999394,101.6608645,14158.985957204426,13348.356990188906,0.0,0.0,0.0,810.6289670155206,0.0,0.0,0.0,0.0,0.0,,,,Stopped
0.4200090000000074,102.06589650000001,13309.238611553328,13309.238611553328,0.0,0.0,0.0,0.0,0.0,0.0,0.0,0.0,0.0,,,,Stopped
0.3700280000000049,102.470936,14161.09051206917,13350.341055271316,0.0,0.0,0.0,810.7494567978532,0.0,0.0,0.0,0.0,0.0,,,,Stopped
0.41980900000000076,102.8758545,13315.57922769638,13315.57922769638,0.0,0.0,0.0,0.0,0.0,0.0,0.0,0.0,0.0,,,,Stopped
0.4199790000000121,103.3059425,13310.189318989376,13310.189318989376,0.0,0.0,0.0,0.0,0.0,0.0,0.0,0.0,0.0,,,,Stopped
0.37026299999999424,103.7108815,14152.102694571377,13341.867807477596,0.0,0.0,0.0,810.2348870937811,0.0,0.0,0.0,0.0,0.0,,,,Stopped
0.4201270000000079,104.1159605,13305.500479616627,13305.500479616627,0.0,0.0,0.0,0.0,0.0,0.0,0.0,0.0,0.0,,,,Stopped
0.37003899999999135,104.5210505,14160.669551047653,13349.944195071643,0.0,0.0,0.0,810.7253559760106,0.0,0.0,0.0,0.0,0.0,,,,Stopped
0.4199880000000036,104.92606599999999,13309.904092497767,13309.904092497767,0.0,0.0,0.0,0.0,0.0,0.0,0.0,0.0,0.0,,,,Stopped
0.41142200000000173,105.35173499999999,13416.880964070897,13271.045301417953,0.0,0.0,0.0,145.83566265294454,0.0,0.0,0.0,0.0,0.0,,,,Stopped
0.38773700000000133,105.7520365,13694.849859569713,13075.873594730403,0.0,0.0,0.0,618.976264839309,0.0,0.0,0.0,0.0,0.0,,,,Stopped
0.4202769999999987,106.1659995,13300.751647128007,13300.751647128007,0.0,0.0,0.0,0.0,0.0,0.0,0.0,0.0,0.0,,,,Stopped
0.37001200000000267,106.571149,14161.702863690805,13350.918348594003,0.0,0.0,0.0,810.7845150968018,0.0,0.0,0.0,0.0,0.0,,,,Stopped
0.4200969999999984,106.9761345,13306.45065306351,13306.45065306351,0.0,0.0,0.0,0.0,0.0,0.0,0.0,0.0,0.0,,,,Stopped
0.3700139999999976,107.381213,14161.626316842156,13350.84618419852,0.0,0.0,0.0,810.7801326436349,0.0,0.0,0.0,0.0,0.0,,,,Stopped
0.42008099999999615,107.78611749999999,13306.957467726585,13306.957467726585,0.0,0.0,0.0,0.0,0.0,0.0,0.0,0.0,0.0,,,,Stopped
0.42004199999999514,108.216241,13308.192990224941,13308.192990224941,0.0,0.0,0.0,0.0,0.0,0.0,0.0,0.0,0.0,,,,Stopped
0.3700189999999992,108.62126950000001,14161.434953340264,13350.66577662231,0.0,0.0,0.0,810.769176717954,0.0,0.0,0.0,0.0,0.0,,,,Stopped
0.39993600000001095,109.016359,15037.405984957182,13327.132341174223,0.0,0.0,0.0,0.0,1710.2736437829585,0.0,0.0,0.0,0.0,,,,Stopped
0.36982100000000173,109.4112325,14169.016902771815,13357.813644979537,0.0,0.0,0.0,811.2032577922795,0.0,0.0,0.0,0.0,0.0,,,,Stopped
0.41980600000000834,109.81622999999999,13315.674382928994,13315.674382928994,0.0,0.0,0.0,0.0,0.0,0.0,0.0,0.0,0.0,,,,Stopped
0.4199870000000061,110.24616950000001,13309.935783726445,13309.935783726445,0.0,0.0,0.0,0.0,0.0,0.0,0.0,0.0,0.0,,,,Stopped
0.37024499999999705,110.6512765,14152.790719658717,13342.51644181566,0.0,0.0,0.0,810.2742778430563,0.0,0.0,0.0,0.0,0.0,,,,Stopped
0.4201280000000054,111.056472,13305.468809505504,13305.468809505504,0.0,0.0,0.0,0.0,0.0,0.0,0.0,0.0,0.0,,,,Stopped
0.38003499999999235,111.4664265,13972.39727919825,13340.876498217538,0.0,0.0,0.0,631.5207809807118,0.0,0.0,0.0,0.0,0.0,,,,Stopped
0.4097099999999898,111.871612,13472.944277660143,13326.499231163838,0.0,0.0,0.0,146.4450464963059,0.0,0.0,0.0,0.0,0.0,,,,Stopped
0.41978399999999283,112.296345,13316.372229527795,13316.372229527795,0.0,0.0,0.0,0.0,0.0,0.0,0.0,0.0,0.0,,,,Stopped
0.37021399999999005,112.70139900000001,14153.975808586765,13343.633682140959,0.0,0.0,0.0,810.3421264458071,0.0,0.0,0.0,0.0,0.0,,,,Stopped
0.4067110000000014,113.0998795,13542.785909404913,13105.128703182314,0.0,0.0,0.0,0.0,0.0,437.65720622259886,0.0,0.0,0.0,,,,Stopped
0.35302500000000236,113.4801525,14610.863253310574,13256.85149776919,0.0,0.0,0.0,849.7981729339225,0.0,504.2135826074607,0.0,0.0,0.0,,,,Stopped
0.4196370000000087,113.87675250000001,13321.036991494753,13321.036991494753,0.0,0.0,0.0,0.0,0.0,0.0,0.0,0.0,0.0,,,,Stopped
0.41980099999999254,114.3064755,13315.832978006483,13315.832978006483,0.0,0.0,0.0,0.0,0.0,0.0,0.0,0.0,0.0,,,,Stopped
0.370238999999998,114.7115025,14153.020076221113,13342.732667277156,0.0,0.0,0.0,810.2874089439568,0.0,0.0,0.0,0.0,0.0,,,,Stopped
0.42002100000000553,115.1166445,13308.858366605304,13308.858366605304,0.0,0.0,0.0,0.0,0.0,0.0,0.0,0.0,0.0,,,,Stopped
0.37004400000000714,115.52167,14160.478213401377,13349.763811870764,0.0,0.0,0.0,810.7144015306131,0.0,0.0,0.0,0.0,0.0,,,,Stopped
0.42004200000000935,115.92668499999999,13308.19299022449,13308.19299022449,0.0,0.0,0.0,0.0,0.0,0.0,0.0,0.0,0.0,,,,Stopped
0.39949699999999666,116.3464585,13316.745807853487,13016.36808286431,0.0,0.0,0.0,300.3777249891764,0.0,0.0,0.0,0.0,0.0,,,,Stopped
0.3603219999999965,116.726614,14181.7596483147,13349.17101925513,0.0,0.0,0.0,832.5886290595715,0.0,0.0,0.0,0.0,0.0,,,,Stopped
0.40004899999999566,117.1168225,13473.349514684598,13323.367887433935,0.0,0.0,0.0,149.98162725066342,0.0,0.0,0.0,0.0,0.0,,,,Stopped
0.3398700000000048,117.496711,16076.73522229065,13004.97248948109,0.0,0.0,0.0,1059.2285285550208,2012.5342042545396,0.0,0.0,0.0,0.0,,,,Stopped
5.818290000000005,120.66272599999999,433.11694673177135,0.0,0.0,0.0,0.0,433.11694673177135,0.0,0.0,0.0,0.0,,,,,Undefined
5.0942210000000046,126.1196745,605.3918744396832,0.0,0.0,0.0,0.0,471.12208127601804,134.26979316366513,0.0,0.0,0.0,,,,,Undefined
5.412167000000011,131.8729625,569.8272059971531,0.0,0.0,0.0,0.0,443.44529649583893,126.3819095013141,0.0,0.0,0.0,,,,,Undefined
5.587730999999991,137.3736075,450.9880665336259,0.0,0.0,0.0,0.0,450.9880665336259,0.0,0.0,0.0,0.0,,,,,Undefined
5.421964000000003,142.878881,568.7975796224391,0.0,0.0,0.0,0.0,442.64403083458296,126.15354878785615,0.0,0.0,0.0,,,,,Undefined
5.577766000000025,148.37944099999999,451.7937826721287,0.0,0.0,0.0,0.0,451.7937826721287,0.0,0.0,0.0,0.0,,,,,Undefined
